mass (g),year,mint,appearance (s-shiny d-dirty)
2.99,1990,None,S
3.09,1981,P,S
3.16,1965,D,S
2.94,1977,S,S
3.05,1980,W,D
3.44,1974,None,D
2.70,1982,P,D
2.41,1985,P,D
3.16,1999,None,S
2.56,2010,None,D
3.35,1977,None,S
3.32,1976,None,D
2.67,,,D
3.40,,,S
2.56,,,S
2.33,,,D
3.09,,,D
2.38,,,S
2.99,,,S
3.09,,,S
3.24,,,S
3.15,,,S
3.13,,,
3.16,,,
2.89,,,
3.02,,,
2.69,,,
2.60,,,
2.46,,,
2.82,,,
3.00,,,
2.83,,,
2.77,,,
2.64,,,
3.15,,,
3.22,,,
2.97,,,
3.11,,,
2.64,,,
2.70,,,
3.33,,,
2.69,,,
2.99,,,
2.76,,,
2.95,,,
3.28,,,
2.89,,,
3.14,,,
2.72,,,
3.33,,,
2.95,,,
2.71,,,
3.04,,,
3.00,,,
3.22,,,
2.71,,,
2.68,,,
2.82,,,
3.18,,,
2.68,,,
3.12,,,
2.57,,,
2.45,,,
2.70,,,
2.66,,,
3.24,,,
2.48,,,
3.26,,,
3.04,,,
2.88,,,
2.75,,,
3.27,,,
2.87,,,
2.50,,,
2.63,,,
2.99,,,
2.94,,,
2.52,,,
2.56,,,
3.01,,,
3.31,,,
2.37,,,
2.65,,,
3.24,,,
2.63,,,
2.93,,,
2.65,,,
3.03,,,
2.70,,,
2.89,,,
3.31,,,
3.00,,,
2.63,,,
2.41,,,
3.06,,,
2.66,,,
2.37,,,
2.87,,,
2.90,,,
3.17,,,
3.07,,,
2.65,,,
3.12,,,
2.92,,,
3.38,,,
2.62,,,
3.16,,,
3.00,,,
3.21,,,
2.55,,,
2.83,,,
2.64,,,
2.40,,,
2.96,,,
3.34,,,
2.65,,,
2.79,,,
2.64,,,
3.29,,,
2.56,,,
2.59,,,
2.94,,,
2.65,,,
3.10,,,
2.52,,,
2.95,,,
2.79,,,
2.94,,,
2.97,,,
2.74,,,
3.18,,,
2.85,,,
3.17,,,
3.43,,,
2.72,,,
2.99,,,
3.18,,,
3.10,,,
3.13,,,
3.15,,,
2.42,,,
2.95,,,
3.05,,,
2.98,,,
2.69,,,
3.05,,,
3.23,,,
3.00,,,
3.02,,,
3.04,,,
2.74,,,
2.90,,,
3.12,,,
2.83,,,
3.12,,,
2.80,,,
2.72,,,
2.94,,,
2.99,,,
3.09,,,
2.68,,,
3.16,,,
2.97,,,
2.83,,,
3.27,,,
3.10,,,
2.61,,,
2.85,,,
2.62,,,
3.02,,,
2.89,,,
2.94,,,
2.56,,,
2.82,,,
2.89,,,
2.77,,,
3.27,,,
2.85,,,
2.97,,,
2.41,,,
2.86,,,
3.11,,,
2.89,,,
2.73,,,
2.79,,,
3.07,,,
2.90,,,
2.64,,,
2.85,,,
3.04,,,
2.92,,,
3.13,,,
2.50,,,
2.63,,,
3.46,,,
3.32,,,
3.25,,,
2.84,,,
2.93,,,
2.86,,,
2.62,,,
3.08,,,
2.47,,,
3.20,,,
3.03,,,
2.98,,,
2.99,,,
2.82,,,
2.89,,,
2.86,,,
2.38,,,
3.08,,,
3.08,,,
3.04,,,
2.83,,,
2.56,,,
3.54,,,
2.90,,,
2.84,,,
3.13,,,
2.52,,,
3.18,,,
3.03,,,
3.10,,,
2.76,,,
2.53,,,
2.66,,,
2.50,,,
3.09,,,
2.50,,,
2.91,,,
2.92,,,
2.85,,,
2.43,,,
2.99,,,
3.30,,,
2.39,,,
3.07,,,
3.02,,,
2.98,,,
2.41,,,
3.23,,,
3.09,,,
3.52,,,
2.72,,,
3.18,,,
2.90,,,
2.65,,,
3.10,,,
2.39,,,
3.09,,,
2.50,,,
2.62,,,
2.39,,,
2.38,,,
2.53,,,
3.20,,,
2.43,,,
2.77,,,
2.49,,,
3.00,,,
3.14,,,
2.87,,,
2.96,,,
3.03,,,
3.04,,,
3.39,,,
3.25,,,
3.09,,,
3.18,,,
3.15,,,
2.26,,,
2.93,,,
3.16,,,
3.22,,,
2.99,,,
2.63,,,
2.89,,,
3.01,,,
3.09,,,
3.14,,,
2.68,,,
3.16,,,
2.87,,,
3.03,,,
3.03,,,
2.81,,,
2.69,,,
3.19,,,
3.29,,,
3.22,,,
2.57,,,
2.80,,,
2.50,,,
3.20,,,
2.84,,,
3.18,,,
2.76,,,
2.78,,,
3.03,,,
2.65,,,
2.65,,,
2.69,,,
3.06,,,
3.02,,,
2.55,,,
2.52,,,
2.39,,,
2.86,,,
3.04,,,
3.29,,,
2.74,,,
3.00,,,
3.08,,,
3.19,,,
2.55,,,
2.97,,,
2.88,,,
2.85,,,
3.11,,,
3.20,,,
2.91,,,
2.70,,,
2.95,,,
2.26,,,
2.91,,,
2.64,,,
2.45,,,
2.93,,,
3.10,,,
3.24,,,
3.06,,,
2.68,,,
2.64,,,
2.83,,,
3.31,,,
2.94,,,
3.23,,,
2.93,,,
2.54,,,
2.54,,,
2.32,,,
3.13,,,
2.80,,,
2.75,,,
2.55,,,
3.03,,,
2.88,,,
3.22,,,
3.55,,,
3.26,,,
3.35,,,
2.98,,,
3.23,,,
2.52,,,
2.36,,,
2.91,,,
2.55,,,
2.50,,,
3.42,,,
2.77,,,
3.08,,,
2.83,,,
3.00,,,
3.40,,,
2.91,,,
2.84,,,
2.79,,,
3.03,,,
3.08,,,
2.69,,,
3.10,,,
2.45,,,
3.07,,,
2.46,,,
3.13,,,
3.10,,,
2.91,,,
2.76,,,
3.00,,,
3.15,,,
2.81,,,
3.09,,,
2.81,,,
2.98,,,
3.26,,,
2.84,,,
3.22,,,
2.59,,,
3.14,,,
2.84,,,
3.20,,,
3.01,,,
2.92,,,
3.09,,,
2.76,,,
2.85,,,
2.85,,,
3.24,,,
3.13,,,
3.01,,,
3.27,,,
3.04,,,
2.58,,,
3.04,,,
2.97,,,
2.57,,,
3.15,,,
2.57,,,
3.07,,,
3.37,,,
3.10,,,
2.88,,,
3.06,,,
2.93,,,
2.69,,,
2.50,,,
3.11,,,
2.52,,,
2.56,,,
3.22,,,
2.43,,,
3.07,,,
2.88,,,
2.93,,,
2.96,,,
2.50,,,
3.01,,,
2.58,,,
3.13,,,
3.02,,,
3.26,,,
2.90,,,
2.93,,,
2.93,,,
2.55,,,
3.12,,,
3.31,,,
3.33,,,
2.94,,,
3.00,,,
2.78,,,
2.85,,,
3.01,,,
2.81,,,
2.59,,,
3.07,,,
2.83,,,
3.08,,,
2.66,,,
3.02,,,
3.27,,,
2.90,,,
2.77,,,
3.34,,,
3.22,,,
3.10,,,
3.08,,,
2.40,,,
2.61,,,
3.16,,,
3.05,,,
2.59,,,
3.17,,,
3.06,,,
2.91,,,
2.82,,,
2.64,,,
3.28,,,
2.94,,,
2.78,,,
3.14,,,
2.47,,,
2.75,,,
2.83,,,
2.53,,,
3.13,,,
3.00,,,
2.44,,,
3.12,,,
3.02,,,
2.98,,,
3.02,,,
3.02,,,
2.39,,,
2.93,,,
3.42,,,
3.20,,,
2.51,,,
3.51,,,
2.95,,,
2.62,,,
2.48,,,
2.43,,,
2.89,,,
2.42,,,
3.08,,,
3.06,,,
3.18,,,
2.50,,,
2.83,,,
2.94,,,
3.14,,,
2.87,,,
3.23,,,
2.63,,,
3.18,,,
2.62,,,
3.05,,,
2.57,,,
3.32,,,
3.13,,,
2.42,,,
3.34,,,
3.18,,,
2.66,,,
3.11,,,
2.69,,,
2.90,,,
2.64,,,
2.59,,,
3.02,,,
3.03,,,
3.08,,,
3.20,,,
3.15,,,
2.64,,,
2.91,,,
2.61,,,
3.01,,,
2.68,,,
3.04,,,
2.54,,,
3.35,,,
3.22,,,
2.80,,,
2.63,,,
3.31,,,
3.39,,,
2.59,,,
3.41,,,
3.17,,,
2.76,,,
2.61,,,
2.37,,,
2.59,,,
2.93,,,
3.39,,,
2.97,,,
3.22,,,
2.72,,,
3.12,,,
2.82,,,
3.02,,,
2.56,,,
2.42,,,
3.18,,,
2.85,,,
2.67,,,
3.67,,,
2.36,,,
3.18,,,
2.61,,,
2.94,,,
2.92,,,
2.95,,,
2.82,,,
2.30,,,
3.29,,,
2.79,,,
2.91,,,
2.82,,,
3.04,,,
3.23,,,
2.48,,,
2.96,,,
3.10,,,
3.01,,,
2.56,,,
2.43,,,
3.41,,,
3.00,,,
2.51,,,
2.70,,,
2.49,,,
3.29,,,
3.16,,,
3.00,,,
2.52,,,
3.00,,,
3.11,,,
2.65,,,
3.33,,,
2.97,,,
3.27,,,
2.45,,,
2.97,,,
3.14,,,
2.91,,,
2.99,,,
3.22,,,
3.05,,,
2.80,,,
2.36,,,
2.80,,,
2.96,,,
3.29,,,
3.06,,,
3.25,,,
3.14,,,
3.00,,,
2.58,,,
2.85,,,
2.71,,,
2.95,,,
2.98,,,
3.07,,,
3.12,,,
2.72,,,
3.30,,,
3.13,,,
3.41,,,
2.95,,,
2.94,,,
3.12,,,
3.09,,,
3.22,,,
2.89,,,
2.70,,,
2.99,,,
3.12,,,
2.84,,,
3.00,,,
2.87,,,
3.07,,,
2.97,,,
3.36,,,
2.99,,,
2.74,,,
3.05,,,
3.43,,,
3.25,,,
3.04,,,
2.37,,,
3.11,,,
3.01,,,
2.67,,,
2.29,,,
2.50,,,
3.34,,,
3.24,,,
2.92,,,
2.74,,,
3.26,,,
2.85,,,
3.15,,,
3.13,,,
3.22,,,
2.96,,,
2.94,,,
2.51,,,
2.89,,,
2.70,,,
3.01,,,
3.02,,,
3.27,,,
2.67,,,
3.26,,,
3.26,,,
2.50,,,
2.69,,,
2.98,,,
3.14,,,
3.09,,,
2.79,,,
2.70,,,
2.83,,,
2.92,,,
2.83,,,
2.96,,,
2.45,,,
3.22,,,
2.34,,,
2.73,,,
3.09,,,
2.75,,,
3.26,,,
3.05,,,
2.65,,,
2.91,,,
3.00,,,
2.82,,,
3.31,,,
3.15,,,
3.06,,,
3.28,,,
3.00,,,
3.17,,,
3.10,,,
3.13,,,
2.60,,,
2.84,,,
2.55,,,
2.99,,,
2.81,,,
2.89,,,
2.87,,,
2.75,,,
2.56,,,
3.29,,,
2.93,,,
2.58,,,
2.41,,,
3.09,,,
2.69,,,
2.81,,,
2.72,,,
3.31,,,
2.64,,,
2.50,,,
3.02,,,
3.03,,,
3.15,,,
3.28,,,
3.36,,,
3.10,,,
3.18,,,
3.13,,,
2.97,,,
2.93,,,
2.97,,,
2.45,,,
3.05,,,
3.27,,,
2.96,,,
2.97,,,
3.01,,,
2.85,,,
2.34,,,
3.30,,,
2.99,,,
3.25,,,
2.30,,,
2.98,,,
2.62,,,
2.83,,,
3.25,,,
2.96,,,
3.09,,,
3.16,,,
2.78,,,
3.13,,,
2.40,,,
2.67,,,
2.74,,,
2.39,,,
2.94,,,
3.17,,,
2.53,,,
2.70,,,
3.16,,,
3.17,,,
3.22,,,
2.87,,,
2.67,,,
3.10,,,
2.66,,,
2.59,,,
2.81,,,
2.73,,,
3.09,,,
2.92,,,
2.44,,,
2.55,,,
2.52,,,
3.15,,,
3.01,,,
3.10,,,
2.38,,,
3.00,,,
2.87,,,
2.81,,,
3.16,,,
3.01,,,
2.56,,,
2.72,,,
2.55,,,
2.88,,,
2.55,,,
3.02,,,
3.02,,,
2.93,,,
2.98,,,
2.87,,,
3.35,,,
2.79,,,
2.43,,,
3.00,,,
3.12,,,
2.75,,,
3.07,,,
3.03,,,
3.06,,,
2.77,,,
3.17,,,
2.65,,,
2.57,,,
3.07,,,
3.08,,,
3.11,,,
3.10,,,
2.53,,,
2.96,,,
2.60,,,
2.48,,,
2.52,,,
2.79,,,
2.77,,,
2.93,,,
2.44,,,
3.17,,,
2.65,,,
2.68,,,
2.46,,,
3.32,,,
2.95,,,
2.76,,,
2.68,,,
3.25,,,
3.14,,,
3.17,,,
2.97,,,
2.59,,,
2.46,,,
2.95,,,
3.21,,,
3.05,,,
3.00,,,
3.14,,,
2.63,,,
3.08,,,
3.16,,,
3.10,,,
2.74,,,
3.20,,,
3.00,,,
2.77,,,
2.67,,,
2.89,,,
3.05,,,
2.60,,,
2.98,,,
3.08,,,
2.82,,,
3.01,,,
3.28,,,
2.55,,,
3.11,,,
2.78,,,
2.72,,,
3.17,,,
3.39,,,
3.11,,,
2.44,,,
2.72,,,
2.66,,,
2.70,,,
3.08,,,
2.52,,,
2.92,,,
2.95,,,
3.19,,,
3.00,,,
3.15,,,
2.97,,,
3.12,,,
2.52,,,
3.15,,,
2.87,,,
2.45,,,
3.06,,,
2.84,,,
3.25,,,
3.21,,,
3.27,,,
2.67,,,
3.26,,,
2.95,,,
2.96,,,
3.20,,,
2.88,,,
2.69,,,
3.25,,,
2.55,,,
2.82,,,
2.68,,,
2.77,,,
3.25,,,
2.73,,,
2.33,,,
2.51,,,
2.97,,,
3.13,,,
2.76,,,
3.30,,,
2.61,,,
2.62,,,
3.09,,,
3.32,,,
3.45,,,
2.83,,,
2.61,,,
3.36,,,
2.92,,,
2.90,,,
2.11,,,
3.05,,,
3.09,,,
3.16,,,
3.02,,,
2.63,,,
3.17,,,
3.02,,,
3.11,,,
3.08,,,
2.88,,,
3.25,,,
2.83,,,
3.21,,,
2.68,,,
2.56,,,
2.87,,,
2.34,,,
2.38,,,
2.92,,,
3.42,,,
2.92,,,
2.34,,,
2.89,,,
2.81,,,
3.20,,,
3.29,,,
3.08,,,
2.90,,,
3.47,,,
2.63,,,
3.30,,,
3.38,,,
2.92,,,
2.61,,,
3.13,,,
3.04,,,
2.53,,,
3.23,,,
2.64,,,
2.93,,,
2.72,,,
3.22,,,
2.42,,,
2.64,,,
3.19,,,
2.47,,,
2.53,,,
2.97,,,
3.08,,,
3.03,,,
2.60,,,
2.39,,,
2.77,,,
3.21,,,
2.94,,,
2.98,,,
2.78,,,
2.47,,,
3.08,,,
2.95,,,
3.03,,,
3.08,,,
2.52,,,
3.11,,,
3.17,,,
2.87,,,
2.38,,,
3.05,,,
2.70,,,
2.59,,,
3.34,,,
2.87,,,
3.19,,,
3.18,,,
3.13,,,
2.49,,,
2.57,,,
2.69,,,
3.24,,,
3.08,,,
3.15,,,
2.31,,,
2.43,,,
2.66,,,
2.56,,,
2.45,,,
3.14,,,
2.80,,,
3.12,,,
3.16,,,
2.57,,,
2.96,,,
2.95,,,
2.95,,,
3.04,,,
3.02,,,
2.63,,,
2.87,,,
3.30,,,
2.95,,,
3.55,,,
3.04,,,
2.89,,,
3.21,,,
3.14,,,
2.76,,,
2.73,,,
2.50,,,
2.96,,,
3.05,,,
2.53,,,
2.41,,,
2.69,,,
3.28,,,
2.89,,,
2.93,,,
2.34,,,
2.64,,,
2.59,,,
3.35,,,
2.35,,,
3.19,,,
2.62,,,
3.10,,,
2.52,,,
2.70,,,
2.61,,,
2.81,,,
2.76,,,
2.99,,,
2.73,,,
3.06,,,
2.69,,,
2.58,,,
2.48,,,
2.64,,,
2.81,,,
2.85,,,
2.71,,,
2.62,,,
3.14,,,
2.93,,,
3.16,,,
2.85,,,
2.92,,,
3.34,,,
3.22,,,
2.79,,,
3.04,,,
2.90,,,
3.07,,,
2.34,,,
3.21,,,
3.10,,,
2.83,,,
3.11,,,
2.82,,,
2.99,,,
3.28,,,
3.55,,,
2.90,,,
3.00,,,
2.45,,,
2.92,,,
2.59,,,
2.40,,,
2.55,,,
2.81,,,
2.75,,,
3.02,,,
2.54,,,
2.84,,,
3.34,,,
2.73,,,
3.00,,,
2.82,,,
2.62,,,
2.95,,,
3.23,,,
3.25,,,
3.28,,,
2.94,,,
3.10,,,
2.41,,,
3.20,,,
2.90,,,
2.55,,,
3.01,,,
3.28,,,
3.09,,,
2.84,,,
2.96,,,
3.16,,,
3.01,,,
3.03,,,
2.99,,,
2.68,,,
2.56,,,
2.65,,,
2.79,,,
2.67,,,
2.58,,,
2.57,,,
3.20,,,
2.66,,,
3.09,,,
2.40,,,
2.82,,,
3.09,,,
3.20,,,
2.56,,,
2.97,,,
3.00,,,
3.25,,,
2.64,,,
2.43,,,
3.05,,,
3.12,,,
3.12,,,
2.83,,,
3.12,,,
2.95,,,
2.92,,,
2.96,,,
2.53,,,
3.21,,,
2.57,,,
3.26,,,
2.73,,,
2.87,,,
2.93,,,
3.01,,,
2.87,,,
2.61,,,
3.06,,,
2.69,,,
2.62,,,
2.55,,,
2.29,,,
3.21,,,
3.16,,,
2.46,,,
3.07,,,
3.21,,,
2.70,,,
3.10,,,
2.20,,,
2.65,,,
3.11,,,
3.10,,,
3.09,,,
3.28,,,
3.32,,,
2.87,,,
3.19,,,
2.73,,,
2.73,,,
2.65,,,
3.28,,,
2.79,,,
3.01,,,
2.66,,,
2.95,,,
3.27,,,
2.79,,,
3.13,,,
2.47,,,
2.90,,,
3.16,,,
2.86,,,
2.64,,,
3.25,,,
3.06,,,
2.48,,,
2.55,,,
3.07,,,
3.28,,,
3.21,,,
3.07,,,
3.18,,,
2.95,,,
2.60,,,
2.87,,,
2.58,,,
2.98,,,
2.86,,,
3.42,,,
3.26,,,
2.72,,,
2.27,,,
2.87,,,
3.09,,,
2.61,,,
3.12,,,
2.58,,,
2.80,,,
3.06,,,
3.11,,,
3.00,,,
2.97,,,
3.16,,,
2.56,,,
2.54,,,
2.61,,,
2.46,,,
2.99,,,
2.42,,,
2.83,,,
2.76,,,
3.25,,,
2.59,,,
2.83,,,
2.97,,,
3.07,,,
3.36,,,
2.82,,,
3.02,,,
2.86,,,
2.56,,,
2.57,,,
2.72,,,
2.61,,,
3.13,,,
3.18,,,
2.97,,,
2.95,,,
2.81,,,
3.02,,,
3.23,,,
2.96,,,
2.45,,,
2.51,,,
2.34,,,
2.56,,,
2.63,,,
3.29,,,
3.10,,,
2.98,,,
2.93,,,
3.15,,,
3.29,,,
2.61,,,
2.54,,,
3.01,,,
3.09,,,
3.07,,,
3.22,,,
3.12,,,
3.02,,,
2.48,,,
2.81,,,
2.94,,,
2.57,,,
2.81,,,
2.56,,,
3.17,,,
2.91,,,
3.24,,,
2.71,,,
3.15,,,
2.29,,,
2.52,,,
3.03,,,
3.29,,,
2.99,,,
3.23,,,
2.75,,,
2.90,,,
2.86,,,
2.95,,,
2.66,,,
2.94,,,
2.65,,,
2.62,,,
3.31,,,
2.90,,,
3.01,,,
3.35,,,
2.74,,,
2.95,,,
2.85,,,
2.37,,,
3.04,,,
2.91,,,
3.08,,,
2.74,,,
3.32,,,
3.08,,,
2.47,,,
2.71,,,
2.36,,,
2.76,,,
2.98,,,
2.32,,,
2.42,,,
2.76,,,
2.61,,,
3.54,,,
2.82,,,
2.81,,,
3.07,,,
3.03,,,
2.88,,,
3.06,,,
2.91,,,
2.53,,,
3.10,,,
2.77,,,
3.09,,,
3.03,,,
2.73,,,
3.05,,,
2.66,,,
3.10,,,
2.67,,,
2.76,,,
3.13,,,
2.85,,,
3.11,,,
2.93,,,
3.13,,,
2.92,,,
2.73,,,
3.04,,,
3.21,,,
2.59,,,
3.34,,,
2.98,,,
2.57,,,
2.99,,,
2.82,,,
2.79,,,
3.15,,,
3.37,,,
2.37,,,
2.44,,,
3.04,,,
2.58,,,
3.00,,,
3.16,,,
2.72,,,
2.97,,,
2.99,,,
2.46,,,
2.88,,,
3.03,,,
2.60,,,
2.45,,,
3.24,,,
3.11,,,
3.06,,,
2.63,,,
3.13,,,
2.93,,,
2.88,,,
3.22,,,
2.58,,,
2.51,,,
3.18,,,
3.07,,,
2.71,,,
2.52,,,
3.06,,,
2.84,,,
3.17,,,
2.86,,,
3.10,,,
3.06,,,
2.96,,,
3.27,,,
3.01,,,
3.10,,,
3.06,,,
3.08,,,
2.56,,,
2.99,,,
2.95,,,
2.99,,,
2.93,,,
2.46,,,
2.51,,,
2.86,,,
2.45,,,
2.81,,,
3.13,,,
2.29,,,
2.70,,,
2.99,,,
2.84,,,
2.78,,,
2.66,,,
3.04,,,
3.21,,,
3.30,,,
3.04,,,
2.97,,,
3.11,,,
2.68,,,
2.26,,,
2.61,,,
2.43,,,
3.00,,,
3.12,,,
2.74,,,
2.79,,,
2.97,,,
2.53,,,
3.39,,,
2.71,,,
2.75,,,
3.15,,,
3.13,,,
2.84,,,
3.20,,,
3.17,,,
3.10,,,
2.85,,,
3.09,,,
2.56,,,
3.37,,,
3.13,,,
3.04,,,
2.85,,,
3.32,,,
2.87,,,
2.90,,,
3.05,,,
2.53,,,
2.91,,,
2.92,,,
2.67,,,
3.08,,,
2.68,,,
3.09,,,
2.51,,,
2.44,,,
3.21,,,
3.45,,,
2.85,,,
3.19,,,
3.27,,,
3.02,,,
2.72,,,
2.86,,,
3.08,,,
2.53,,,
3.13,,,
2.40,,,
2.93,,,
2.40,,,
2.47,,,
2.63,,,
2.56,,,
2.45,,,
3.37,,,
2.75,,,
3.44,,,
2.52,,,
2.92,,,
2.58,,,
2.99,,,
2.85,,,
3.00,,,
2.51,,,
2.66,,,
3.24,,,
2.33,,,
2.84,,,
3.03,,,
3.35,,,
2.98,,,
2.90,,,
3.15,,,
2.80,,,
3.03,,,
3.14,,,
3.12,,,
3.27,,,
2.93,,,
2.61,,,
2.46,,,
3.07,,,
3.14,,,
2.68,,,
3.10,,,
2.97,,,
3.30,,,
3.19,,,
2.72,,,
3.29,,,
2.93,,,
3.17,,,
2.72,,,
2.63,,,
3.15,,,
2.82,,,
2.86,,,
2.62,,,
2.71,,,
3.19,,,
2.74,,,
3.36,,,
3.27,,,
2.91,,,
2.75,,,
3.41,,,
3.06,,,
3.05,,,
2.74,,,
2.49,,,
2.93,,,
3.21,,,
2.62,,,
3.15,,,
2.91,,,
2.99,,,
2.89,,,
3.12,,,
3.18,,,
2.82,,,
2.40,,,
3.37,,,
3.17,,,
2.33,,,
2.52,,,
3.27,,,
2.50,,,
3.00,,,
2.85,,,
3.10,,,
3.29,,,
3.09,,,
3.15,,,
2.73,,,
3.09,,,
3.07,,,
3.24,,,
2.68,,,
2.99,,,
3.04,,,
2.92,,,
3.16,,,
2.50,,,
2.79,,,
2.84,,,
3.29,,,
2.76,,,
2.57,,,
2.53,,,
3.07,,,
2.26,,,
3.19,,,
2.92,,,
2.49,,,
2.87,,,
2.94,,,
3.04,,,
3.05,,,
3.09,,,
3.12,,,
2.67,,,
2.65,,,
2.79,,,
3.20,,,
3.24,,,
2.80,,,
3.17,,,
3.13,,,
3.15,,,
2.99,,,
2.98,,,
2.74,,,
2.92,,,
2.57,,,
3.04,,,
2.50,,,
3.13,,,
3.15,,,
2.50,,,
2.99,,,
3.15,,,
2.50,,,
2.74,,,
2.53,,,
2.90,,,
3.01,,,
3.21,,,
3.17,,,
2.75,,,
3.18,,,
3.11,,,
2.43,,,
3.09,,,
3.04,,,
3.31,,,
3.10,,,
2.63,,,
2.86,,,
3.09,,,
3.07,,,
2.34,,,
2.90,,,
2.80,,,
2.53,,,
2.62,,,
2.52,,,
3.17,,,
3.20,,,
3.37,,,
2.87,,,
3.03,,,
3.11,,,
2.97,,,
2.58,,,
2.35,,,
3.34,,,
3.21,,,
2.69,,,
2.94,,,
2.99,,,
2.38,,,
3.03,,,
2.88,,,
3.31,,,
3.07,,,
3.11,,,
2.77,,,
3.19,,,
2.45,,,
3.07,,,
2.96,,,
2.90,,,
3.32,,,
3.22,,,
2.91,,,
2.92,,,
3.01,,,
3.09,,,
2.69,,,
3.07,,,
3.11,,,
3.00,,,
2.53,,,
2.97,,,
2.71,,,
2.65,,,
2.84,,,
2.60,,,
2.55,,,
2.92,,,
3.28,,,
2.80,,,
2.36,,,
2.57,,,
2.86,,,
3.29,,,
3.38,,,
2.96,,,
2.82,,,
2.90,,,
2.96,,,
2.82,,,
2.87,,,
3.00,,,
2.66,,,
2.74,,,
2.87,,,
3.28,,,
3.05,,,
3.24,,,
2.72,,,
3.06,,,
2.64,,,
2.53,,,
3.16,,,
3.00,,,
2.63,,,
3.13,,,
2.98,,,
3.13,,,
3.02,,,
2.68,,,
2.68,,,
2.43,,,
2.87,,,
3.03,,,
3.28,,,
3.15,,,
2.73,,,
2.76,,,
2.46,,,
2.48,,,
2.84,,,
2.68,,,
2.77,,,
2.57,,,
3.04,,,
2.77,,,
2.53,,,
2.61,,,
2.58,,,
2.79,,,
3.06,,,
3.36,,,
2.75,,,
3.02,,,
2.96,,,
2.98,,,
2.54,,,
3.35,,,
3.04,,,
2.99,,,
3.07,,,
2.86,,,
2.72,,,
2.90,,,
2.80,,,
2.58,,,
2.96,,,
3.06,,,
3.08,,,
3.17,,,
3.18,,,
3.33,,,
2.65,,,
2.70,,,
2.96,,,
3.32,,,
2.61,,,
2.41,,,
3.00,,,
3.36,,,
3.31,,,
3.12,,,
2.91,,,
3.00,,,
2.67,,,
2.76,,,
2.99,,,
3.00,,,
3.01,,,
2.56,,,
2.95,,,
2.55,,,
2.79,,,
2.74,,,
3.40,,,
3.10,,,
3.14,,,
3.09,,,
2.68,,,
2.33,,,
2.68,,,
2.90,,,
3.03,,,
2.94,,,
3.27,,,
2.81,,,
3.22,,,
2.91,,,
3.00,,,
2.79,,,
3.26,,,
2.88,,,
2.61,,,
2.63,,,
2.91,,,
3.00,,,
2.95,,,
3.06,,,
2.73,,,
2.77,,,
3.09,,,
3.10,,,
3.15,,,
2.80,,,
2.54,,,
2.84,,,
2.78,,,
2.89,,,
2.93,,,
2.76,,,
2.54,,,
2.96,,,
2.71,,,
3.06,,,
3.09,,,
2.99,,,
2.47,,,
2.41,,,
2.32,,,
2.36,,,
2.94,,,
2.92,,,
3.16,,,
2.56,,,
2.93,,,
2.52,,,
2.85,,,
2.58,,,
2.98,,,
3.08,,,
2.94,,,
2.58,,,
3.04,,,
3.00,,,
2.92,,,
2.62,,,
2.53,,,
2.85,,,
3.28,,,
3.13,,,
2.66,,,
2.36,,,
2.90,,,
2.68,,,
2.94,,,
3.06,,,
2.69,,,
3.18,,,
2.94,,,
3.26,,,
3.30,,,
3.15,,,
2.96,,,
2.49,,,
2.72,,,
2.73,,,
2.45,,,
3.03,,,
2.90,,,
2.81,,,
2.86,,,
2.91,,,
2.59,,,
2.38,,,
2.80,,,
2.95,,,
2.54,,,
2.89,,,
2.68,,,
2.75,,,
3.05,,,
2.51,,,
2.41,,,
2.41,,,
2.91,,,
3.15,,,
3.00,,,
2.82,,,
2.63,,,
3.24,,,
3.17,,,
2.34,,,
2.94,,,
3.25,,,
2.99,,,
2.92,,,
2.70,,,
3.15,,,
2.43,,,
2.91,,,
2.41,,,
2.58,,,
3.09,,,
3.20,,,
3.24,,,
2.62,,,
3.07,,,
3.14,,,
3.04,,,
2.51,,,
3.09,,,
2.80,,,
3.00,,,
2.66,,,
2.64,,,
3.13,,,
2.62,,,
2.63,,,
2.88,,,
3.12,,,
2.53,,,
3.04,,,
2.67,,,
2.68,,,
3.05,,,
2.69,,,
2.94,,,
3.23,,,
3.06,,,
2.63,,,
3.09,,,
2.60,,,
2.93,,,
2.50,,,
2.89,,,
2.32,,,
3.00,,,
2.89,,,
3.21,,,
2.89,,,
2.60,,,
2.88,,,
2.72,,,
3.01,,,
2.57,,,
3.38,,,
2.99,,,
2.63,,,
3.23,,,
2.91,,,
2.39,,,
3.22,,,
3.01,,,
3.00,,,
3.13,,,
2.89,,,
2.81,,,
2.80,,,
2.73,,,
2.63,,,
2.78,,,
3.36,,,
2.71,,,
2.74,,,
3.32,,,
2.84,,,
2.59,,,
2.58,,,
3.16,,,
3.35,,,
2.64,,,
3.07,,,
3.26,,,
2.82,,,
3.23,,,
2.70,,,
2.98,,,
3.39,,,
3.14,,,
2.67,,,
3.04,,,
2.98,,,
3.10,,,
2.67,,,
2.49,,,
2.79,,,
3.00,,,
2.54,,,
3.14,,,
2.66,,,
2.58,,,
3.28,,,
3.14,,,
3.05,,,
2.96,,,
2.88,,,
3.17,,,
3.06,,,
3.03,,,
2.61,,,
2.87,,,
2.50,,,
3.07,,,
2.62,,,
2.68,,,
2.76,,,
2.62,,,
3.02,,,
2.86,,,
3.04,,,
2.89,,,
2.90,,,
2.91,,,
2.50,,,
2.64,,,
3.37,,,
2.51,,,
2.80,,,
2.86,,,
2.52,,,
3.14,,,
3.30,,,
3.16,,,
2.94,,,
3.17,,,
3.28,,,
2.95,,,
2.97,,,
2.85,,,
2.64,,,
3.03,,,
3.39,,,
2.98,,,
2.51,,,
3.17,,,
2.95,,,
2.81,,,
3.07,,,
2.59,,,
3.19,,,
3.21,,,
2.95,,,
3.18,,,
2.65,,,
3.21,,,
2.78,,,
2.98,,,
3.13,,,
2.96,,,
3.23,,,
3.06,,,
2.77,,,
3.36,,,
2.65,,,
2.36,,,
2.83,,,
2.86,,,
2.40,,,
3.12,,,
3.09,,,
2.69,,,
2.99,,,
3.18,,,
3.16,,,
3.16,,,
3.13,,,
2.54,,,
3.17,,,
3.02,,,
2.58,,,
2.59,,,
2.40,,,
3.17,,,
2.96,,,
3.43,,,
2.57,,,
3.09,,,
3.09,,,
2.98,,,
3.30,,,
2.82,,,
2.34,,,
2.99,,,
3.27,,,
2.60,,,
2.84,,,
2.77,,,
2.74,,,
3.29,,,
2.99,,,
2.90,,,
2.80,,,
2.80,,,
2.81,,,
3.09,,,
2.82,,,
3.00,,,
3.18,,,
2.97,,,
2.56,,,
2.87,,,
3.12,,,
3.08,,,
2.54,,,
2.62,,,
2.64,,,
2.49,,,
3.23,,,
2.87,,,
3.14,,,
2.55,,,
2.53,,,
2.43,,,
3.04,,,
2.94,,,
2.92,,,
3.08,,,
3.23,,,
2.57,,,
2.57,,,
3.17,,,
2.69,,,
3.10,,,
3.22,,,
3.09,,,
2.88,,,
3.04,,,
3.01,,,
3.14,,,
2.96,,,
2.93,,,
3.02,,,
3.02,,,
3.05,,,
2.87,,,
3.29,,,
2.94,,,
3.08,,,
2.59,,,
2.52,,,
2.48,,,
2.80,,,
3.07,,,
3.11,,,
2.83,,,
2.50,,,
3.13,,,
2.63,,,
2.50,,,
2.90,,,
2.79,,,
2.45,,,
2.55,,,
2.65,,,
3.16,,,
2.53,,,
2.50,,,
3.19,,,
3.15,,,
3.10,,,
2.95,,,
2.76,,,
2.82,,,
2.62,,,
2.45,,,
2.60,,,
3.02,,,
2.55,,,
2.70,,,
2.75,,,
3.32,,,
3.31,,,
3.19,,,
3.00,,,
2.68,,,
2.77,,,
3.29,,,
2.89,,,
2.97,,,
2.18,,,
3.21,,,
2.42,,,
3.01,,,
3.10,,,
3.28,,,
3.01,,,
2.30,,,
2.81,,,
2.50,,,
3.40,,,
3.05,,,
3.12,,,
3.26,,,
3.21,,,
3.05,,,
2.67,,,
3.08,,,
3.07,,,
2.68,,,
3.29,,,
2.73,,,
3.33,,,
3.02,,,
3.07,,,
3.27,,,
2.98,,,
2.52,,,
2.73,,,
2.93,,,
3.14,,,
2.85,,,
2.76,,,
2.62,,,
3.23,,,
3.13,,,
2.99,,,
3.11,,,
3.19,,,
2.90,,,
3.01,,,
2.63,,,
2.62,,,
2.93,,,
3.08,,,
2.97,,,
2.60,,,
2.33,,,
2.84,,,
3.15,,,
3.26,,,
2.93,,,
3.20,,,
3.02,,,
2.68,,,
3.02,,,
2.79,,,
3.03,,,
2.49,,,
3.24,,,
2.64,,,
2.73,,,
2.70,,,
3.11,,,
2.23,,,
2.47,,,
3.10,,,
2.85,,,
2.61,,,
2.60,,,
3.03,,,
3.31,,,
2.53,,,
2.97,,,
2.42,,,
2.60,,,
2.53,,,
2.53,,,
3.08,,,
3.30,,,
2.34,,,
3.42,,,
2.42,,,
2.31,,,
3.03,,,
2.89,,,
2.73,,,
3.18,,,
2.97,,,
3.03,,,
3.26,,,
3.02,,,
3.12,,,
3.06,,,
3.00,,,
2.45,,,
3.16,,,
2.90,,,
2.94,,,
3.19,,,
2.78,,,
3.33,,,
2.56,,,
3.33,,,
2.33,,,
3.00,,,
2.43,,,
3.22,,,
2.55,,,
2.66,,,
3.11,,,
2.63,,,
2.26,,,
2.81,,,
2.75,,,
2.49,,,
2.85,,,
3.09,,,
3.11,,,
3.04,,,
2.82,,,
2.63,,,
3.07,,,
2.47,,,
2.70,,,
3.34,,,
2.42,,,
3.14,,,
3.02,,,
3.18,,,
2.32,,,
2.31,,,
3.18,,,
2.84,,,
2.84,,,
2.90,,,
3.31,,,
2.66,,,
3.38,,,
3.24,,,
3.08,,,
2.82,,,
3.01,,,
2.69,,,
3.09,,,
3.18,,,
2.96,,,
3.21,,,
2.90,,,
2.62,,,
2.57,,,
2.60,,,
3.22,,,
2.53,,,
2.84,,,
2.80,,,
2.95,,,
3.23,,,
2.67,,,
2.88,,,
2.62,,,
3.14,,,
3.01,,,
3.11,,,
2.68,,,
2.74,,,
2.97,,,
3.18,,,
2.81,,,
3.08,,,
2.96,,,
2.57,,,
3.15,,,
3.37,,,
2.99,,,
3.10,,,
2.59,,,
2.91,,,
2.83,,,
2.75,,,
3.04,,,
3.29,,,
2.67,,,
2.58,,,
3.17,,,
2.64,,,
2.74,,,
2.79,,,
2.72,,,
3.02,,,
2.74,,,
2.46,,,
3.10,,,
2.75,,,
2.70,,,
2.54,,,
2.58,,,
2.97,,,
3.25,,,
2.61,,,
3.19,,,
2.72,,,
2.47,,,
3.11,,,
2.38,,,
3.35,,,
2.49,,,
3.10,,,
3.08,,,
2.72,,,
2.48,,,
2.62,,,
3.04,,,
2.74,,,
3.39,,,
3.14,,,
3.16,,,
2.71,,,
3.19,,,
2.68,,,
3.12,,,
3.16,,,
2.36,,,
2.72,,,
3.13,,,
3.16,,,
2.86,,,
2.70,,,
2.69,,,
2.39,,,
3.00,,,
3.00,,,
2.70,,,
3.15,,,
3.15,,,
2.36,,,
2.84,,,
3.25,,,
2.49,,,
2.95,,,
2.83,,,
2.44,,,
2.44,,,
2.75,,,
3.39,,,
2.88,,,
2.96,,,
3.12,,,
2.65,,,
3.01,,,
2.44,,,
3.07,,,
3.04,,,
3.37,,,
2.60,,,
3.10,,,
3.03,,,
3.06,,,
3.21,,,
2.92,,,
2.72,,,
2.75,,,
2.44,,,
3.17,,,
2.96,,,
3.04,,,
2.93,,,
3.19,,,
2.86,,,
2.96,,,
3.13,,,
3.45,,,
3.18,,,
2.35,,,
3.21,,,
3.03,,,
2.65,,,
3.13,,,
2.50,,,
2.87,,,
2.95,,,
2.81,,,
2.36,,,
3.17,,,
2.80,,,
2.47,,,
3.57,,,
2.52,,,
2.60,,,
2.69,,,
3.23,,,
2.55,,,
2.57,,,
2.93,,,
2.77,,,
3.09,,,
2.70,,,
2.98,,,
2.60,,,
2.74,,,
2.93,,,
2.93,,,
2.90,,,
3.24,,,
3.06,,,
2.99,,,
3.43,,,
2.62,,,
3.00,,,
2.54,,,
3.28,,,
3.01,,,
3.05,,,
3.09,,,
2.52,,,
2.78,,,
2.67,,,
3.06,,,
2.87,,,
2.61,,,
3.07,,,
2.72,,,
2.46,,,
2.59,,,
2.88,,,
2.60,,,
2.61,,,
2.44,,,
3.22,,,
2.41,,,
3.12,,,
2.71,,,
2.78,,,
2.49,,,
3.07,,,
2.54,,,
2.82,,,
2.92,,,
2.58,,,
2.53,,,
2.61,,,
2.90,,,
2.98,,,
2.91,,,
2.57,,,
2.49,,,
3.16,,,
3.34,,,
2.72,,,
2.88,,,
2.68,,,
2.89,,,
3.14,,,
2.47,,,
2.97,,,
2.50,,,
2.70,,,
2.87,,,
2.87,,,
2.49,,,
2.69,,,
2.55,,,
3.26,,,
2.48,,,
2.99,,,
2.79,,,
2.61,,,
3.12,,,
2.86,,,
3.08,,,
2.61,,,
2.99,,,
2.79,,,
2.96,,,
3.36,,,
2.84,,,
2.62,,,
3.18,,,
2.52,,,
2.80,,,
2.65,,,
3.32,,,
2.74,,,
2.61,,,
2.61,,,
3.24,,,
2.93,,,
3.04,,,
2.53,,,
3.16,,,
2.54,,,
3.30,,,
2.94,,,
2.35,,,
3.07,,,
3.01,,,
2.94,,,
2.53,,,
3.11,,,
3.28,,,
2.88,,,
2.61,,,
2.91,,,
3.13,,,
2.95,,,
3.07,,,
2.54,,,
2.63,,,
3.22,,,
2.86,,,
3.17,,,
2.97,,,
2.85,,,
3.17,,,
3.08,,,
3.04,,,
2.45,,,
2.27,,,
2.69,,,
2.54,,,
2.97,,,
2.87,,,
2.53,,,
3.19,,,
3.14,,,
2.71,,,
2.89,,,
3.01,,,
2.58,,,
2.95,,,
2.83,,,
3.03,,,
3.03,,,
3.04,,,
2.60,,,
3.09,,,
2.64,,,
2.88,,,
3.28,,,
2.75,,,
2.58,,,
2.56,,,
2.97,,,
2.38,,,
2.82,,,
3.01,,,
2.98,,,
2.92,,,
2.86,,,
2.65,,,
3.12,,,
2.65,,,
3.21,,,
2.51,,,
3.23,,,
3.03,,,
2.60,,,
2.60,,,
3.11,,,
3.09,,,
3.20,,,
2.56,,,
3.07,,,
3.00,,,
2.78,,,
3.23,,,
2.70,,,
3.00,,,
3.03,,,
2.98,,,
2.40,,,
3.23,,,
3.23,,,
2.53,,,
2.49,,,
3.02,,,
2.67,,,
3.20,,,
3.23,,,
2.74,,,
3.38,,,
3.17,,,
2.46,,,
2.51,,,
2.98,,,
3.21,,,
2.85,,,
2.41,,,
2.86,,,
3.15,,,
2.86,,,
2.87,,,
2.57,,,
3.36,,,
2.88,,,
2.69,,,
3.06,,,
3.04,,,
2.92,,,
2.60,,,
2.95,,,
3.04,,,
2.68,,,
2.85,,,
2.91,,,
2.51,,,
3.34,,,
3.07,,,
3.18,,,
3.24,,,
2.52,,,
3.11,,,
2.29,,,
2.53,,,
3.04,,,
3.22,,,
2.92,,,
2.91,,,
2.91,,,
3.44,,,
2.63,,,
3.08,,,
3.22,,,
3.33,,,
2.62,,,
2.84,,,
3.21,,,
3.35,,,
2.59,,,
3.03,,,
2.33,,,
3.02,,,
3.27,,,
2.20,,,
3.26,,,
2.98,,,
2.82,,,
2.79,,,
2.60,,,
2.64,,,
3.16,,,
3.24,,,
2.41,,,
3.08,,,
2.45,,,
2.64,,,
2.37,,,
3.02,,,
2.69,,,
3.11,,,
2.67,,,
3.08,,,
2.71,,,
2.83,,,
2.83,,,
3.00,,,
2.88,,,
3.15,,,
3.19,,,
2.97,,,
3.19,,,
2.57,,,
3.07,,,
3.23,,,
3.00,,,
3.16,,,
2.63,,,
3.01,,,
2.45,,,
2.50,,,
2.60,,,
2.52,,,
2.98,,,
2.71,,,
2.60,,,
2.60,,,
2.73,,,
2.98,,,
3.11,,,
3.02,,,
2.42,,,
2.78,,,
3.15,,,
2.64,,,
3.22,,,
3.06,,,
2.46,,,
2.93,,,
2.92,,,
2.75,,,
2.77,,,
2.78,,,
2.82,,,
2.70,,,
3.04,,,
3.02,,,
2.71,,,
3.15,,,
3.04,,,
2.71,,,
2.83,,,
2.65,,,
2.80,,,
2.71,,,
3.20,,,
2.51,,,
2.97,,,
2.70,,,
3.08,,,
3.11,,,
3.06,,,
3.62,,,
3.29,,,
3.16,,,
2.95,,,
3.13,,,
2.76,,,
2.67,,,
3.15,,,
3.04,,,
2.80,,,
2.85,,,
2.40,,,
2.89,,,
3.20,,,
2.41,,,
3.21,,,
3.12,,,
3.21,,,
3.28,,,
3.29,,,
2.55,,,
3.07,,,
3.09,,,
3.06,,,
3.16,,,
3.31,,,
2.76,,,
2.65,,,
2.54,,,
3.07,,,
3.20,,,
3.23,,,
3.04,,,
2.73,,,
3.35,,,
2.92,,,
3.06,,,
2.61,,,
3.19,,,
2.64,,,
3.04,,,
2.92,,,
2.74,,,
2.91,,,
2.96,,,
3.22,,,
2.61,,,
2.27,,,
3.07,,,
3.20,,,
2.98,,,
2.83,,,
2.88,,,
3.11,,,
3.07,,,
3.21,,,
3.06,,,
2.56,,,
3.00,,,
2.81,,,
3.29,,,
3.05,,,
3.45,,,
2.98,,,
3.25,,,
2.52,,,
3.16,,,
3.31,,,
3.12,,,
3.26,,,
3.30,,,
2.31,,,
2.59,,,
2.74,,,
3.20,,,
2.98,,,
2.40,,,
3.05,,,
3.26,,,
3.06,,,
3.09,,,
3.21,,,
3.22,,,
3.08,,,
2.68,,,
2.43,,,
3.06,,,
2.55,,,
2.92,,,
2.78,,,
3.21,,,
2.51,,,
3.06,,,
2.55,,,
2.90,,,
3.07,,,
3.03,,,
2.29,,,
2.81,,,
2.83,,,
2.66,,,
2.21,,,
2.41,,,
2.46,,,
2.56,,,
3.04,,,
2.95,,,
2.51,,,
3.12,,,
3.03,,,
2.94,,,
2.42,,,
2.91,,,
3.05,,,
3.28,,,
2.66,,,
3.18,,,
3.01,,,
2.94,,,
3.07,,,
3.20,,,
2.95,,,
2.75,,,
3.37,,,
3.34,,,
3.25,,,
2.87,,,
2.81,,,
2.64,,,
2.45,,,
2.52,,,
2.80,,,
2.53,,,
2.41,,,
3.09,,,
3.26,,,
3.18,,,
3.06,,,
3.08,,,
2.67,,,
2.97,,,
2.76,,,
2.45,,,
2.90,,,
2.95,,,
3.22,,,
3.22,,,
3.02,,,
3.08,,,
3.03,,,
3.09,,,
2.90,,,
3.06,,,
3.23,,,
3.23,,,
3.22,,,
2.54,,,
2.60,,,
2.74,,,
3.19,,,
3.05,,,
2.64,,,
3.26,,,
2.90,,,
2.59,,,
2.99,,,
2.71,,,
2.76,,,
2.77,,,
2.77,,,
3.27,,,
2.90,,,
2.92,,,
3.06,,,
3.01,,,
2.57,,,
3.29,,,
3.16,,,
3.08,,,
2.80,,,
2.64,,,
3.03,,,
2.71,,,
2.50,,,
2.70,,,
3.10,,,
3.17,,,
3.24,,,
2.95,,,
2.67,,,
2.72,,,
2.74,,,
3.11,,,
3.01,,,
3.27,,,
2.71,,,
3.02,,,
3.16,,,
2.56,,,
2.47,,,
2.83,,,
2.69,,,
3.21,,,
2.44,,,
2.65,,,
2.97,,,
2.44,,,
2.74,,,
2.94,,,
2.89,,,
3.13,,,
2.97,,,
3.32,,,
3.30,,,
3.16,,,
3.03,,,
3.13,,,
2.65,,,
2.98,,,
2.61,,,
2.94,,,
2.81,,,
3.14,,,
2.54,,,
2.42,,,
3.30,,,
3.33,,,
2.70,,,
2.37,,,
2.88,,,
2.47,,,
3.17,,,
2.75,,,
3.15,,,
3.19,,,
3.03,,,
2.85,,,
3.16,,,
3.04,,,
3.21,,,
2.97,,,
3.25,,,
2.58,,,
2.97,,,
2.84,,,
2.73,,,
3.34,,,
3.33,,,
2.33,,,
2.40,,,
3.28,,,
3.20,,,
3.29,,,
2.46,,,
2.62,,,
3.04,,,
2.68,,,
2.60,,,
2.75,,,
2.52,,,
2.34,,,
2.70,,,
2.69,,,
2.90,,,
2.90,,,
3.18,,,
2.62,,,
3.29,,,
3.17,,,
2.65,,,
2.51,,,
3.40,,,
2.53,,,
2.76,,,
2.50,,,
2.77,,,
3.01,,,
2.79,,,
3.20,,,
3.16,,,
3.15,,,
2.53,,,
3.04,,,
2.98,,,
2.66,,,
3.38,,,
3.50,,,
2.34,,,
2.30,,,
2.73,,,
3.14,,,
2.98,,,
3.01,,,
3.37,,,
2.94,,,
2.89,,,
3.05,,,
2.92,,,
3.11,,,
3.16,,,
2.58,,,
2.59,,,
2.91,,,
2.73,,,
3.16,,,
3.25,,,
3.05,,,
2.59,,,
2.57,,,
2.97,,,
2.96,,,
3.04,,,
3.38,,,
3.08,,,
3.08,,,
3.00,,,
2.44,,,
3.02,,,
3.07,,,
3.05,,,
2.50,,,
3.22,,,
2.63,,,
2.45,,,
2.86,,,
2.86,,,
3.06,,,
2.93,,,
2.67,,,
2.64,,,
3.08,,,
3.13,,,
2.50,,,
2.92,,,
2.53,,,
2.68,,,
2.49,,,
2.56,,,
3.24,,,
3.04,,,
2.81,,,
2.84,,,
3.07,,,
3.18,,,
2.99,,,
2.76,,,
3.26,,,
3.09,,,
3.22,,,
2.88,,,
2.89,,,
2.69,,,
2.51,,,
2.98,,,
2.91,,,
2.96,,,
2.56,,,
2.97,,,
3.09,,,
3.10,,,
2.77,,,
3.01,,,
3.02,,,
2.63,,,
2.34,,,
2.26,,,
2.18,,,
3.09,,,
3.15,,,
3.03,,,
3.21,,,
3.36,,,
2.93,,,
2.59,,,
3.22,,,
3.18,,,
2.84,,,
2.42,,,
3.18,,,
2.37,,,
2.66,,,
3.19,,,
2.77,,,
2.63,,,
2.98,,,
2.48,,,
2.63,,,
3.05,,,
3.25,,,
3.16,,,
3.23,,,
3.00,,,
3.24,,,
3.29,,,
2.65,,,
3.40,,,
2.51,,,
2.63,,,
3.23,,,
2.54,,,
3.08,,,
3.14,,,
2.59,,,
2.69,,,
2.70,,,
3.03,,,
3.12,,,
3.14,,,
2.79,,,
2.68,,,
3.09,,,
3.06,,,
2.56,,,
3.06,,,
2.46,,,
2.93,,,
2.84,,,
2.48,,,
2.71,,,
3.04,,,
3.15,,,
3.60,,,
2.75,,,
3.34,,,
2.55,,,
2.91,,,
2.99,,,
2.59,,,
3.00,,,
3.06,,,
2.57,,,
2.77,,,
3.03,,,
2.60,,,
3.04,,,
3.05,,,
2.62,,,
2.45,,,
3.01,,,
2.53,,,
2.91,,,
2.66,,,
2.69,,,
3.08,,,
2.96,,,
3.05,,,
2.92,,,
3.06,,,
2.70,,,
2.86,,,
2.87,,,
2.93,,,
2.87,,,
2.83,,,
2.13,,,
3.29,,,
3.25,,,
2.78,,,
2.99,,,
2.63,,,
2.92,,,
2.98,,,
3.10,,,
3.24,,,
2.92,,,
2.56,,,
3.22,,,
2.49,,,
2.60,,,
2.63,,,
3.22,,,
2.40,,,
3.15,,,
2.74,,,
3.19,,,
2.90,,,
2.53,,,
2.86,,,
2.90,,,
2.30,,,
3.18,,,
2.50,,,
3.26,,,
3.12,,,
2.65,,,
3.00,,,
2.64,,,
2.77,,,
2.52,,,
2.61,,,
3.36,,,
3.10,,,
3.13,,,
3.18,,,
2.85,,,
2.89,,,
3.35,,,
2.65,,,
3.20,,,
3.01,,,
3.28,,,
2.52,,,
2.60,,,
2.89,,,
2.86,,,
2.71,,,
2.48,,,
2.37,,,
3.13,,,
3.04,,,
2.66,,,
2.97,,,
2.72,,,
3.25,,,
2.75,,,
3.21,,,
3.08,,,
2.60,,,
2.81,,,
3.13,,,
2.75,,,
2.17,,,
3.20,,,
2.91,,,
2.65,,,
3.13,,,
2.57,,,
3.20,,,
2.91,,,
3.12,,,
2.39,,,
3.51,,,
3.13,,,
2.61,,,
2.84,,,
3.21,,,
2.95,,,
2.72,,,
2.74,,,
2.87,,,
3.25,,,
3.11,,,
2.85,,,
2.60,,,
2.20,,,
2.85,,,
3.10,,,
3.06,,,
3.09,,,
3.36,,,
3.13,,,
3.19,,,
2.91,,,
3.04,,,
2.86,,,
3.28,,,
2.74,,,
3.44,,,
2.89,,,
3.16,,,
3.06,,,
2.94,,,
2.79,,,
3.35,,,
2.83,,,
3.14,,,
2.94,,,
3.14,,,
2.59,,,
2.54,,,
2.47,,,
2.80,,,
2.77,,,
2.89,,,
3.06,,,
2.61,,,
3.03,,,
2.62,,,
2.94,,,
2.91,,,
3.14,,,
2.47,,,
2.98,,,
2.96,,,
3.35,,,
3.19,,,
3.29,,,
2.69,,,
2.73,,,
2.88,,,
2.92,,,
2.42,,,
2.56,,,
2.92,,,
2.71,,,
2.86,,,
3.33,,,
3.08,,,
3.31,,,
3.04,,,
2.52,,,
3.35,,,
2.76,,,
2.49,,,
2.67,,,
2.88,,,
2.74,,,
3.15,,,
3.09,,,
2.87,,,
2.75,,,
2.54,,,
3.09,,,
2.94,,,
3.00,,,
2.99,,,
2.71,,,
2.78,,,
3.12,,,
3.23,,,
2.53,,,
2.74,,,
2.65,,,
2.99,,,
2.53,,,
2.51,,,
2.60,,,
2.88,,,
3.04,,,
2.25,,,
2.69,,,
2.63,,,
3.15,,,
2.91,,,
2.94,,,
2.62,,,
3.13,,,
2.52,,,
2.86,,,
3.12,,,
3.14,,,
2.68,,,
3.17,,,
3.11,,,
3.10,,,
2.65,,,
3.23,,,
3.03,,,
2.74,,,
3.06,,,
3.35,,,
2.90,,,
2.93,,,
2.78,,,
3.09,,,
3.10,,,
2.71,,,
2.92,,,
2.82,,,
3.10,,,
2.84,,,
2.93,,,
2.37,,,
2.66,,,
3.07,,,
3.06,,,
2.93,,,
3.06,,,
3.16,,,
3.05,,,
3.08,,,
3.03,,,
3.16,,,
3.14,,,
3.18,,,
2.61,,,
2.86,,,
2.81,,,
2.88,,,
2.92,,,
3.13,,,
2.50,,,
2.92,,,
2.68,,,
3.06,,,
2.86,,,
3.17,,,
2.94,,,
2.65,,,
3.00,,,
3.19,,,
2.68,,,
3.06,,,
2.64,,,
2.82,,,
3.10,,,
2.81,,,
2.87,,,
2.86,,,
2.54,,,
2.72,,,
2.72,,,
3.07,,,
2.66,,,
3.04,,,
2.61,,,
3.06,,,
2.52,,,
3.01,,,
3.00,,,
2.87,,,
2.76,,,
2.62,,,
3.36,,,
2.74,,,
2.53,,,
2.66,,,
3.23,,,
2.77,,,
2.44,,,
2.82,,,
3.10,,,
2.47,,,
3.02,,,
3.04,,,
2.57,,,
2.83,,,
3.12,,,
2.87,,,
3.03,,,
3.12,,,
2.48,,,
3.03,,,
3.16,,,
2.89,,,
3.04,,,
3.16,,,
2.51,,,
2.31,,,
2.85,,,
3.26,,,
2.94,,,
3.01,,,
3.03,,,
3.02,,,
3.00,,,
2.67,,,
2.54,,,
2.65,,,
2.68,,,
3.11,,,
3.42,,,
2.70,,,
2.42,,,
3.08,,,
3.21,,,
3.23,,,
2.34,,,
2.82,,,
2.61,,,
3.31,,,
2.38,,,
2.91,,,
3.01,,,
2.90,,,
2.94,,,
2.86,,,
2.43,,,
2.82,,,
2.37,,,
2.86,,,
2.40,,,
3.17,,,
2.82,,,
2.80,,,
3.18,,,
3.16,,,
2.76,,,
2.67,,,
2.37,,,
2.80,,,
3.03,,,
3.18,,,
2.59,,,
3.27,,,
2.81,,,
2.80,,,
3.10,,,
3.04,,,
2.52,,,
2.44,,,
2.33,,,
3.18,,,
3.11,,,
2.71,,,
2.66,,,
2.65,,,
3.06,,,
2.90,,,
2.93,,,
2.76,,,
2.59,,,
3.38,,,
2.82,,,
2.89,,,
2.73,,,
3.01,,,
2.65,,,
2.90,,,
2.98,,,
2.50,,,
2.77,,,
2.61,,,
2.52,,,
3.15,,,
2.57,,,
3.09,,,
3.46,,,
2.73,,,
3.16,,,
3.04,,,
3.11,,,
3.12,,,
3.17,,,
2.47,,,
3.01,,,
2.47,,,
2.53,,,
3.56,,,
2.37,,,
3.05,,,
2.90,,,
2.92,,,
3.30,,,
2.89,,,
3.08,,,
3.21,,,
2.92,,,
3.00,,,
2.70,,,
2.91,,,
2.67,,,
2.39,,,
2.70,,,
3.09,,,
2.91,,,
2.88,,,
2.84,,,
2.94,,,
2.96,,,
2.85,,,
2.94,,,
2.53,,,
2.94,,,
3.03,,,
2.92,,,
3.16,,,
3.20,,,
3.33,,,
2.75,,,
2.48,,,
3.19,,,
2.64,,,
2.85,,,
2.41,,,
2.77,,,
2.96,,,
2.91,,,
3.07,,,
2.87,,,
2.37,,,
2.70,,,
3.20,,,
3.13,,,
2.54,,,
2.68,,,
3.06,,,
3.09,,,
2.73,,,
2.79,,,
2.89,,,
2.95,,,
3.11,,,
3.17,,,
3.05,,,
2.67,,,
3.37,,,
3.23,,,
3.14,,,
2.81,,,
2.97,,,
2.56,,,
3.08,,,
2.94,,,
3.01,,,
2.58,,,
2.65,,,
2.89,,,
3.13,,,
2.94,,,
2.66,,,
2.95,,,
2.96,,,
3.12,,,
2.78,,,
2.43,,,
2.38,,,
3.21,,,
2.87,,,
3.05,,,
3.14,,,
2.31,,,
3.24,,,
3.13,,,
3.28,,,
2.66,,,
2.72,,,
3.26,,,
2.69,,,
2.47,,,
3.06,,,
3.00,,,
3.19,,,
3.08,,,
2.29,,,
2.57,,,
2.47,,,
2.99,,,
2.90,,,
3.00,,,
3.10,,,
3.09,,,
3.22,,,
2.99,,,
3.16,,,
3.02,,,
2.92,,,
3.37,,,
2.85,,,
2.31,,,
2.61,,,
2.97,,,
2.43,,,
3.17,,,
2.94,,,
3.09,,,
2.86,,,
3.36,,,
2.93,,,
2.45,,,
2.63,,,
2.89,,,
3.08,,,
2.34,,,
2.98,,,
2.66,,,
3.14,,,
2.94,,,
3.19,,,
2.91,,,
2.99,,,
2.64,,,
2.65,,,
3.02,,,
2.67,,,
3.33,,,
2.92,,,
3.18,,,
2.91,,,
3.40,,,
2.32,,,
2.97,,,
2.98,,,
2.66,,,
2.93,,,
2.94,,,
2.88,,,
3.25,,,
2.74,,,
2.97,,,
3.19,,,
3.32,,,
3.09,,,
2.87,,,
3.16,,,
2.60,,,
3.26,,,
2.50,,,
2.53,,,
2.96,,,
2.99,,,
3.26,,,
3.26,,,
2.93,,,
2.89,,,
3.20,,,
3.06,,,
2.77,,,
3.34,,,
3.14,,,
2.76,,,
3.12,,,
2.48,,,
2.96,,,
3.06,,,
3.20,,,
2.78,,,
2.53,,,
3.38,,,
2.98,,,
3.38,,,
2.94,,,
3.27,,,
3.00,,,
3.11,,,
2.96,,,
2.37,,,
2.56,,,
2.29,,,
3.26,,,
2.98,,,
3.43,,,
2.81,,,
2.71,,,
3.16,,,
3.21,,,
3.20,,,
2.61,,,
2.94,,,
2.74,,,
2.99,,,
2.69,,,
3.01,,,
2.63,,,
3.25,,,
3.21,,,
3.26,,,
2.94,,,
3.11,,,
2.62,,,
2.84,,,
3.17,,,
2.95,,,
3.02,,,
2.45,,,
2.61,,,
3.02,,,
2.90,,,
2.95,,,
2.74,,,
2.68,,,
2.78,,,
2.57,,,
2.98,,,
2.63,,,
3.05,,,
3.09,,,
2.87,,,
2.97,,,
2.55,,,
2.95,,,
2.93,,,
2.42,,,
3.22,,,
3.05,,,
2.87,,,
3.10,,,
2.86,,,
2.87,,,
2.79,,,
3.09,,,
2.79,,,
3.10,,,
2.83,,,
2.52,,,
3.10,,,
3.15,,,
3.17,,,
3.02,,,
2.48,,,
3.20,,,
2.21,,,
2.91,,,
3.11,,,
2.88,,,
2.95,,,
3.11,,,
3.00,,,
2.91,,,
3.21,,,
2.78,,,
3.17,,,
3.25,,,
2.68,,,
2.97,,,
3.00,,,
2.80,,,
3.04,,,
2.89,,,
2.87,,,
3.18,,,
2.67,,,
3.15,,,
2.51,,,
2.52,,,
2.50,,,
2.93,,,
2.40,,,
2.52,,,
3.10,,,
2.95,,,
3.47,,,
2.71,,,
3.10,,,
3.23,,,
2.65,,,
2.66,,,
2.92,,,
3.11,,,
3.18,,,
2.61,,,
3.01,,,
2.84,,,
2.99,,,
2.68,,,
2.66,,,
3.17,,,
2.65,,,
2.66,,,
3.22,,,
2.87,,,
2.13,,,
2.87,,,
2.55,,,
2.68,,,
2.47,,,
2.48,,,
2.92,,,
3.08,,,
2.98,,,
3.07,,,
3.24,,,
2.68,,,
2.49,,,
3.23,,,
2.63,,,
2.86,,,
3.02,,,
2.65,,,
2.34,,,
3.29,,,
3.01,,,
2.60,,,
2.37,,,
2.50,,,
3.07,,,
2.81,,,
2.86,,,
2.49,,,
2.82,,,
2.84,,,
2.77,,,
2.93,,,
2.41,,,
3.25,,,
2.98,,,
3.06,,,
3.12,,,
3.08,,,
2.61,,,
2.75,,,
3.19,,,
2.53,,,
2.96,,,
3.14,,,
2.60,,,
2.37,,,
2.56,,,
2.67,,,
3.03,,,
2.53,,,
2.77,,,
2.59,,,
2.68,,,
2.57,,,
2.54,,,
2.74,,,
2.77,,,
3.04,,,
2.76,,,
3.19,,,
3.29,,,
3.12,,,
2.87,,,
2.99,,,
2.67,,,
2.81,,,
2.88,,,
3.00,,,
2.56,,,
2.73,,,
3.12,,,
2.50,,,
2.68,,,
2.63,,,
3.26,,,
2.88,,,
2.87,,,
2.69,,,
2.80,,,
2.90,,,
2.48,,,
3.24,,,
3.02,,,
2.37,,,
3.00,,,
2.60,,,
2.98,,,
2.63,,,
3.27,,,
2.62,,,
3.17,,,
2.76,,,
2.60,,,
3.12,,,
2.50,,,
3.17,,,
2.74,,,
3.18,,,
2.92,,,
2.88,,,
3.34,,,
2.93,,,
2.97,,,
3.30,,,
3.35,,,
2.95,,,
3.03,,,
2.55,,,
2.65,,,
3.39,,,
3.01,,,
2.48,,,
2.92,,,
3.06,,,
2.54,,,
2.95,,,
2.56,,,
2.32,,,
3.42,,,
3.07,,,
3.36,,,
3.05,,,
2.58,,,
2.65,,,
2.98,,,
2.36,,,
3.30,,,
2.95,,,
2.99,,,
2.89,,,
3.03,,,
3.13,,,
2.52,,,
2.76,,,
2.87,,,
3.04,,,
2.65,,,
3.27,,,
3.19,,,
2.59,,,
2.83,,,
3.04,,,
2.71,,,
2.52,,,
2.53,,,
2.58,,,
3.21,,,
3.26,,,
2.99,,,
3.02,,,
2.67,,,
2.94,,,
2.95,,,
2.72,,,
3.18,,,
2.33,,,
2.57,,,
3.16,,,
2.67,,,
3.25,,,
3.22,,,
2.98,,,
3.19,,,
3.25,,,
3.04,,,
2.99,,,
3.18,,,
3.16,,,
2.47,,,
2.96,,,
2.96,,,
2.91,,,
2.74,,,
2.78,,,
3.31,,,
2.58,,,
2.26,,,
2.48,,,
3.05,,,
3.26,,,
2.68,,,
3.10,,,
2.39,,,
3.15,,,
2.79,,,
2.97,,,
3.12,,,
3.04,,,
3.20,,,
2.58,,,
2.64,,,
2.91,,,
2.61,,,
2.53,,,
3.24,,,
3.24,,,
3.13,,,
2.93,,,
3.07,,,
2.52,,,
2.83,,,
3.20,,,
2.89,,,
2.71,,,
2.48,,,
2.92,,,
3.31,,,
3.03,,,
2.85,,,
2.63,,,
3.22,,,
2.85,,,
2.52,,,
3.25,,,
3.04,,,
2.90,,,
2.80,,,
2.96,,,
2.73,,,
3.10,,,
3.35,,,
2.96,,,
2.73,,,
3.47,,,
2.50,,,
3.01,,,
3.01,,,
2.82,,,
2.57,,,
2.94,,,
3.17,,,
2.93,,,
2.58,,,
2.97,,,
2.68,,,
2.67,,,
2.81,,,
2.71,,,
3.02,,,
2.46,,,
3.03,,,
3.25,,,
2.84,,,
3.13,,,
3.16,,,
3.02,,,
2.98,,,
3.26,,,
3.13,,,
3.28,,,
2.82,,,
3.30,,,
2.67,,,
3.46,,,
2.93,,,
2.94,,,
2.96,,,
3.18,,,
2.83,,,
3.33,,,
2.57,,,
3.05,,,
2.93,,,
2.55,,,
3.04,,,
2.75,,,
3.28,,,
2.52,,,
3.08,,,
3.21,,,
2.44,,,
2.55,,,
2.36,,,
2.58,,,
2.48,,,
2.62,,,
2.31,,,
3.03,,,
2.70,,,
2.81,,,
3.00,,,
3.13,,,
3.23,,,
2.98,,,
2.74,,,
2.88,,,
2.62,,,
3.16,,,
2.61,,,
2.76,,,
2.41,,,
3.19,,,
3.25,,,
2.44,,,
2.60,,,
2.68,,,
3.34,,,
2.90,,,
3.36,,,
2.84,,,
3.00,,,
2.93,,,
3.03,,,
2.94,,,
2.53,,,
2.35,,,
3.05,,,
2.77,,,
3.02,,,
2.86,,,
2.68,,,
2.90,,,
2.69,,,
2.96,,,
2.66,,,
3.22,,,
2.99,,,
3.30,,,
3.38,,,
3.04,,,
3.13,,,
3.07,,,
3.14,,,
3.17,,,
3.37,,,
2.68,,,
3.11,,,
2.68,,,
2.56,,,
3.06,,,
3.02,,,
2.62,,,
3.16,,,
2.57,,,
2.69,,,
2.73,,,
3.02,,,
2.73,,,
2.77,,,
3.14,,,
2.64,,,
2.91,,,
2.35,,,
2.93,,,
2.82,,,
3.11,,,
2.72,,,
2.83,,,
2.88,,,
2.77,,,
3.16,,,
2.60,,,
3.00,,,
2.38,,,
3.15,,,
3.04,,,
3.04,,,
2.76,,,
3.15,,,
2.73,,,
3.16,,,
2.65,,,
3.01,,,
2.85,,,
2.92,,,
2.52,,,
3.02,,,
3.36,,,
2.97,,,
2.99,,,
2.62,,,
3.12,,,
3.14,,,
2.87,,,
3.33,,,
3.06,,,
3.15,,,
3.29,,,
2.71,,,
3.12,,,
3.26,,,
2.86,,,
2.57,,,
3.38,,,
2.75,,,
2.59,,,
3.10,,,
2.71,,,
2.85,,,
2.53,,,
3.10,,,
2.58,,,
2.84,,,
2.68,,,
2.84,,,
2.49,,,
2.66,,,
2.31,,,
2.92,,,
2.61,,,
3.10,,,
2.24,,,
3.32,,,
3.13,,,
3.01,,,
2.82,,,
2.82,,,
2.65,,,
3.07,,,
3.17,,,
2.95,,,
2.66,,,
3.35,,,
3.36,,,
3.38,,,
3.13,,,
2.75,,,
2.98,,,
3.01,,,
2.88,,,
3.10,,,
2.56,,,
3.18,,,
2.53,,,
3.20,,,
2.83,,,
2.67,,,
2.86,,,
2.72,,,
3.01,,,
3.14,,,
2.34,,,
2.86,,,
3.06,,,
2.58,,,
2.47,,,
2.19,,,
3.07,,,
3.22,,,
3.27,,,
3.29,,,
3.22,,,
3.00,,,
2.68,,,
2.66,,,
2.57,,,
2.85,,,
3.18,,,
2.93,,,
2.84,,,
3.05,,,
2.56,,,
2.61,,,
2.55,,,
2.41,,,
2.50,,,
3.03,,,
2.63,,,
2.97,,,
2.47,,,
2.88,,,
2.59,,,
3.14,,,
3.21,,,
3.13,,,
3.05,,,
3.15,,,
3.05,,,
3.01,,,
2.96,,,
2.68,,,
3.17,,,
2.90,,,
2.51,,,
2.84,,,
2.84,,,
2.87,,,
3.31,,,
2.52,,,
2.70,,,
3.40,,,
2.61,,,
2.97,,,
2.77,,,
2.83,,,
3.03,,,
2.83,,,
2.91,,,
2.50,,,
2.77,,,
2.99,,,
3.05,,,
2.82,,,
2.78,,,
3.36,,,
2.91,,,
3.14,,,
2.32,,,
3.10,,,
3.38,,,
2.89,,,
2.42,,,
3.01,,,
3.19,,,
3.21,,,
2.46,,,
3.10,,,
3.33,,,
2.66,,,
3.19,,,
2.86,,,
3.01,,,
2.99,,,
3.19,,,
3.08,,,
3.06,,,
3.11,,,
3.16,,,
3.33,,,
3.26,,,
3.07,,,
2.99,,,
3.27,,,
2.59,,,
3.17,,,
2.72,,,
3.00,,,
2.94,,,
2.39,,,
3.17,,,
2.96,,,
3.22,,,
2.49,,,
2.46,,,
2.80,,,
2.68,,,
2.55,,,
3.28,,,
3.37,,,
3.02,,,
2.67,,,
2.77,,,
3.34,,,
3.17,,,
3.14,,,
2.62,,,
3.53,,,
3.28,,,
3.05,,,
3.13,,,
2.65,,,
2.56,,,
3.06,,,
2.93,,,
2.94,,,
2.99,,,
3.42,,,
2.39,,,
2.65,,,
3.51,,,
2.72,,,
3.28,,,
3.16,,,
2.70,,,
2.77,,,
3.01,,,
2.54,,,
3.03,,,
3.12,,,
2.76,,,
2.88,,,
3.04,,,
3.02,,,
2.83,,,
2.55,,,
2.76,,,
2.58,,,
2.83,,,
3.02,,,
2.98,,,
3.15,,,
3.07,,,
2.63,,,
2.94,,,
3.00,,,
3.32,,,
2.99,,,
2.55,,,
2.74,,,
3.10,,,
2.83,,,
2.45,,,
3.06,,,
3.12,,,
3.43,,,
3.00,,,
3.10,,,
2.87,,,
3.16,,,
2.75,,,
3.08,,,
2.84,,,
2.93,,,
2.44,,,
2.96,,,
2.67,,,
2.53,,,
2.90,,,
2.60,,,
2.54,,,
2.63,,,
3.17,,,
3.20,,,
2.52,,,
2.59,,,
2.97,,,
3.20,,,
3.03,,,
3.08,,,
2.87,,,
2.95,,,
2.99,,,
3.20,,,
2.40,,,
3.13,,,
2.96,,,
3.04,,,
2.91,,,
2.98,,,
3.02,,,
2.91,,,
2.51,,,
3.36,,,
3.31,,,
2.48,,,
3.04,,,
2.88,,,
2.63,,,
2.95,,,
2.95,,,
2.81,,,
3.18,,,
3.18,,,
3.29,,,
2.78,,,
2.58,,,
3.18,,,
3.09,,,
2.68,,,
2.95,,,
2.33,,,
2.97,,,
2.79,,,
2.76,,,
2.51,,,
3.07,,,
3.44,,,
2.64,,,
2.47,,,
3.21,,,
2.91,,,
2.88,,,
2.90,,,
3.05,,,
3.26,,,
3.11,,,
3.29,,,
3.15,,,
3.11,,,
3.14,,,
2.56,,,
2.90,,,
2.72,,,
3.25,,,
2.87,,,
2.91,,,
3.15,,,
3.00,,,
2.69,,,
2.90,,,
2.95,,,
3.22,,,
3.15,,,
2.97,,,
3.11,,,
3.09,,,
2.54,,,
3.09,,,
2.97,,,
3.12,,,
2.91,,,
2.81,,,
2.78,,,
3.11,,,
2.83,,,
2.52,,,
3.02,,,
3.15,,,
2.56,,,
2.93,,,
2.88,,,
3.31,,,
3.01,,,
3.28,,,
2.42,,,
2.98,,,
2.73,,,
2.91,,,
3.31,,,
3.08,,,
2.56,,,
2.89,,,
3.21,,,
2.33,,,
3.10,,,
3.06,,,
3.22,,,
2.90,,,
2.84,,,
3.25,,,
3.12,,,
2.84,,,
3.44,,,
3.02,,,
3.39,,,
2.53,,,
3.12,,,
3.43,,,
3.15,,,
3.01,,,
3.16,,,
3.19,,,
3.07,,,
3.18,,,
3.11,,,
3.06,,,
2.66,,,
2.90,,,
2.36,,,
3.18,,,
3.09,,,
2.83,,,
2.54,,,
3.04,,,
2.87,,,
2.76,,,
2.45,,,
2.63,,,
2.52,,,
3.37,,,
3.00,,,
3.01,,,
2.45,,,
3.28,,,
2.76,,,
3.11,,,
2.73,,,
2.35,,,
2.78,,,
2.36,,,
2.45,,,
2.94,,,
3.27,,,
2.72,,,
2.75,,,
2.60,,,
2.96,,,
2.83,,,
3.08,,,
2.99,,,
3.07,,,
3.20,,,
2.71,,,
2.63,,,
2.79,,,
3.14,,,
2.49,,,
2.64,,,
2.51,,,
2.90,,,
2.83,,,
2.67,,,
2.89,,,
2.99,,,
3.15,,,
3.09,,,
2.83,,,
2.50,,,
2.80,,,
2.51,,,
2.71,,,
3.29,,,
2.94,,,
3.12,,,
3.01,,,
2.73,,,
2.92,,,
2.74,,,
2.77,,,
3.10,,,
2.88,,,
3.35,,,
3.17,,,
3.10,,,
3.42,,,
2.90,,,
2.77,,,
3.25,,,
3.10,,,
2.64,,,
2.79,,,
3.10,,,
3.06,,,
2.80,,,
2.81,,,
3.49,,,
2.48,,,
3.13,,,
2.94,,,
2.53,,,
2.60,,,
2.87,,,
2.58,,,
2.90,,,
2.96,,,
2.78,,,
2.61,,,
3.06,,,
3.23,,,
3.44,,,
2.62,,,
2.57,,,
3.23,,,
2.72,,,
2.89,,,
2.36,,,
2.41,,,
3.16,,,
3.42,,,
3.11,,,
3.36,,,
2.44,,,
2.68,,,
2.93,,,
2.68,,,
2.65,,,
3.07,,,
2.96,,,
2.68,,,
2.43,,,
3.09,,,
2.86,,,
3.02,,,
3.12,,,
3.25,,,
3.26,,,
2.93,,,
3.18,,,
3.10,,,
2.20,,,
2.60,,,
2.62,,,
2.72,,,
3.15,,,
3.02,,,
2.68,,,
3.24,,,
2.67,,,
2.58,,,
3.18,,,
2.62,,,
2.42,,,
2.80,,,
3.16,,,
2.87,,,
2.83,,,
2.95,,,
3.08,,,
2.90,,,
2.73,,,
3.34,,,
3.07,,,
2.91,,,
3.01,,,
2.99,,,
2.68,,,
2.40,,,
3.34,,,
2.93,,,
2.79,,,
2.47,,,
2.48,,,
2.56,,,
3.19,,,
2.50,,,
2.81,,,
2.92,,,
2.44,,,
2.43,,,
2.59,,,
3.10,,,
2.99,,,
3.02,,,
2.58,,,
2.73,,,
2.95,,,
3.12,,,
3.40,,,
3.01,,,
2.62,,,
2.93,,,
3.02,,,
2.74,,,
3.16,,,
3.36,,,
2.99,,,
3.29,,,
2.93,,,
2.90,,,
2.73,,,
2.35,,,
2.51,,,
2.61,,,
3.24,,,
3.10,,,
3.18,,,
2.69,,,
2.96,,,
3.12,,,
2.94,,,
3.05,,,
2.96,,,
3.34,,,
2.83,,,
3.29,,,
2.57,,,
2.86,,,
2.78,,,
2.59,,,
2.77,,,
3.05,,,
3.28,,,
2.81,,,
2.72,,,
2.80,,,
3.13,,,
2.84,,,
2.59,,,
3.05,,,
2.95,,,
3.09,,,
3.17,,,
2.69,,,
2.83,,,
3.38,,,
3.07,,,
3.00,,,
3.12,,,
3.20,,,
3.27,,,
2.76,,,
2.49,,,
2.41,,,
2.48,,,
2.96,,,
2.34,,,
3.03,,,
2.47,,,
2.59,,,
2.82,,,
3.53,,,
3.34,,,
2.58,,,
3.07,,,
2.81,,,
3.13,,,
2.98,,,
2.93,,,
2.83,,,
2.67,,,
2.97,,,
3.05,,,
2.89,,,
2.98,,,
3.00,,,
3.18,,,
2.79,,,
2.67,,,
2.57,,,
2.75,,,
2.99,,,
3.43,,,
2.58,,,
2.58,,,
3.09,,,
3.00,,,
3.32,,,
2.48,,,
3.18,,,
3.03,,,
2.89,,,
2.43,,,
2.70,,,
2.69,,,
3.02,,,
3.07,,,
2.36,,,
2.98,,,
2.97,,,
3.10,,,
2.53,,,
3.14,,,
2.47,,,
2.44,,,
2.84,,,
2.75,,,
2.52,,,
2.54,,,
3.18,,,
2.98,,,
3.10,,,
2.85,,,
2.55,,,
2.51,,,
3.30,,,
2.71,,,
3.18,,,
3.18,,,
2.94,,,
3.34,,,
3.27,,,
3.22,,,
2.74,,,
2.49,,,
2.97,,,
2.63,,,
3.12,,,
2.48,,,
2.87,,,
2.94,,,
2.48,,,
2.91,,,
2.74,,,
3.39,,,
2.59,,,
3.09,,,
3.08,,,
2.47,,,
3.13,,,
2.55,,,
2.97,,,
3.12,,,
2.46,,,
2.29,,,
3.13,,,
3.31,,,
2.84,,,
2.90,,,
3.01,,,
2.68,,,
2.44,,,
3.09,,,
3.00,,,
2.61,,,
2.60,,,
2.60,,,
2.80,,,
2.68,,,
2.86,,,
2.96,,,
2.56,,,
3.08,,,
2.67,,,
3.22,,,
2.72,,,
2.63,,,
2.89,,,
3.04,,,
3.02,,,
2.40,,,
3.11,,,
3.10,,,
3.26,,,
2.34,,,
3.08,,,
2.78,,,
3.16,,,
2.68,,,
3.05,,,
2.88,,,
3.36,,,
2.59,,,
2.47,,,
2.73,,,
3.00,,,
3.15,,,
3.25,,,
2.98,,,
2.55,,,
3.14,,,
3.19,,,
2.76,,,
3.20,,,
2.46,,,
2.33,,,
3.02,,,
3.27,,,
3.09,,,
2.90,,,
3.10,,,
3.05,,,
3.24,,,
3.08,,,
2.65,,,
2.88,,,
2.81,,,
2.40,,,
2.85,,,
2.76,,,
2.45,,,
2.85,,,
2.55,,,
3.30,,,
2.89,,,
2.63,,,
3.43,,,
3.08,,,
2.53,,,
3.14,,,
2.98,,,
3.35,,,
3.01,,,
2.64,,,
2.94,,,
2.72,,,
3.06,,,
2.67,,,
2.61,,,
2.66,,,
2.55,,,
3.29,,,
3.31,,,
3.18,,,
3.27,,,
2.53,,,
3.24,,,
3.20,,,
3.06,,,
2.89,,,
3.18,,,
3.16,,,
3.34,,,
3.31,,,
3.08,,,
2.92,,,
2.73,,,
2.83,,,
2.94,,,
3.07,,,
3.01,,,
2.96,,,
3.01,,,
3.23,,,
2.63,,,
2.80,,,
2.46,,,
3.18,,,
2.82,,,
3.11,,,
2.42,,,
2.92,,,
2.93,,,
3.12,,,
2.88,,,
2.96,,,
3.11,,,
3.12,,,
2.69,,,
3.01,,,
2.86,,,
2.59,,,
3.08,,,
2.89,,,
3.00,,,
2.65,,,
2.57,,,
3.12,,,
2.54,,,
3.00,,,
3.07,,,
2.71,,,
3.01,,,
2.77,,,
3.10,,,
3.48,,,
3.08,,,
3.20,,,
2.80,,,
2.82,,,
2.38,,,
2.66,,,
2.72,,,
3.04,,,
3.12,,,
2.79,,,
3.31,,,
3.21,,,
3.21,,,
2.70,,,
2.69,,,
3.14,,,
3.05,,,
3.09,,,
2.39,,,
3.15,,,
2.39,,,
2.65,,,
3.20,,,
2.64,,,
2.63,,,
2.57,,,
2.59,,,
2.65,,,
2.79,,,
2.88,,,
2.93,,,
2.63,,,
3.02,,,
3.15,,,
2.46,,,
3.16,,,
2.62,,,
2.94,,,
2.21,,,
3.00,,,
2.94,,,
3.16,,,
3.23,,,
2.62,,,
2.77,,,
3.26,,,
3.04,,,
3.09,,,
3.13,,,
3.04,,,
2.99,,,
2.58,,,
2.75,,,
3.43,,,
2.95,,,
3.18,,,
3.17,,,
3.06,,,
2.64,,,
2.69,,,
2.64,,,
2.64,,,
2.58,,,
2.83,,,
3.05,,,
3.14,,,
2.52,,,
3.02,,,
2.94,,,
2.94,,,
2.61,,,
2.96,,,
3.07,,,
2.91,,,
3.34,,,
3.15,,,
2.72,,,
2.91,,,
2.99,,,
3.20,,,
3.09,,,
2.63,,,
2.45,,,
3.13,,,
2.86,,,
2.43,,,
3.31,,,
3.07,,,
3.10,,,
2.51,,,
2.41,,,
3.15,,,
3.13,,,
2.63,,,
3.11,,,
2.87,,,
3.23,,,
2.61,,,
3.21,,,
2.78,,,
3.11,,,
2.91,,,
2.96,,,
2.81,,,
2.42,,,
2.48,,,
2.56,,,
3.05,,,
2.50,,,
2.74,,,
2.89,,,
3.29,,,
2.46,,,
3.23,,,
2.94,,,
3.14,,,
2.31,,,
2.78,,,
3.17,,,
2.40,,,
2.61,,,
3.41,,,
3.01,,,
2.96,,,
2.71,,,
2.78,,,
2.69,,,
3.35,,,
2.91,,,
2.93,,,
2.53,,,
3.04,,,
3.11,,,
3.15,,,
3.11,,,
3.28,,,
2.73,,,
2.79,,,
3.04,,,
3.07,,,
2.84,,,
3.25,,,
2.68,,,
2.50,,,
2.78,,,
3.08,,,
2.82,,,
3.09,,,
2.83,,,
3.12,,,
2.30,,,
3.23,,,
2.85,,,
2.61,,,
3.21,,,
2.47,,,
2.90,,,
2.99,,,
3.36,,,
2.85,,,
3.08,,,
3.11,,,
2.58,,,
3.37,,,
2.72,,,
3.33,,,
2.39,,,
2.30,,,
2.94,,,
3.04,,,
2.73,,,
3.30,,,
3.08,,,
2.75,,,
2.70,,,
3.01,,,
2.52,,,
2.74,,,
2.75,,,
2.63,,,
3.09,,,
2.40,,,
2.62,,,
3.11,,,
2.61,,,
3.02,,,
2.81,,,
2.52,,,
2.68,,,
2.98,,,
3.10,,,
3.21,,,
2.89,,,
2.91,,,
2.27,,,
3.29,,,
3.37,,,
2.77,,,
2.77,,,
2.57,,,
2.58,,,
2.97,,,
2.59,,,
2.54,,,
2.89,,,
3.04,,,
3.01,,,
3.09,,,
2.58,,,
2.37,,,
2.66,,,
3.17,,,
3.05,,,
3.26,,,
2.37,,,
3.06,,,
2.30,,,
2.98,,,
2.53,,,
2.46,,,
2.73,,,
3.13,,,
3.07,,,
2.76,,,
2.82,,,
3.00,,,
3.17,,,
3.14,,,
3.46,,,
2.59,,,
3.03,,,
2.55,,,
3.13,,,
3.02,,,
3.22,,,
2.85,,,
2.58,,,
3.15,,,
3.34,,,
2.64,,,
3.13,,,
3.10,,,
2.48,,,
2.27,,,
2.96,,,
3.12,,,
2.78,,,
3.14,,,
3.04,,,
2.88,,,
2.72,,,
2.97,,,
3.13,,,
3.14,,,
2.53,,,
2.91,,,
2.92,,,
2.96,,,
2.30,,,
2.96,,,
2.70,,,
2.71,,,
2.77,,,
2.87,,,
2.57,,,
2.54,,,
2.64,,,
2.73,,,
2.64,,,
2.54,,,
3.20,,,
2.85,,,
3.23,,,
3.24,,,
3.08,,,
3.22,,,
2.48,,,
3.09,,,
2.76,,,
2.88,,,
2.33,,,
3.15,,,
2.40,,,
2.59,,,
2.62,,,
2.97,,,
2.67,,,
2.46,,,
2.58,,,
2.51,,,
2.72,,,
2.70,,,
3.03,,,
2.93,,,
3.02,,,
2.90,,,
3.14,,,
2.48,,,
2.58,,,
2.53,,,
3.17,,,
2.92,,,
2.60,,,
2.56,,,
3.00,,,
2.86,,,
2.86,,,
3.15,,,
3.12,,,
2.93,,,
2.72,,,
2.37,,,
3.03,,,
2.91,,,
2.52,,,
3.22,,,
2.81,,,
3.12,,,
2.91,,,
3.42,,,
2.90,,,
3.01,,,
2.92,,,
2.22,,,
3.16,,,
2.86,,,
3.07,,,
2.82,,,
2.85,,,
2.13,,,
2.95,,,
3.37,,,
2.88,,,
3.12,,,
2.57,,,
2.90,,,
2.64,,,
3.14,,,
2.66,,,
2.83,,,
2.94,,,
3.28,,,
2.38,,,
2.95,,,
3.15,,,
3.24,,,
2.79,,,
3.21,,,
3.22,,,
2.99,,,
2.95,,,
2.89,,,
3.11,,,
3.01,,,
2.78,,,
2.79,,,
2.70,,,
2.83,,,
2.64,,,
3.12,,,
2.56,,,
3.14,,,
3.42,,,
3.09,,,
2.60,,,
2.44,,,
3.10,,,
2.77,,,
2.97,,,
2.42,,,
3.37,,,
2.70,,,
2.73,,,
2.90,,,
3.16,,,
2.58,,,
3.21,,,
3.21,,,
3.34,,,
2.94,,,
2.87,,,
2.98,,,
2.43,,,
3.20,,,
3.03,,,
3.04,,,
3.02,,,
3.23,,,
2.45,,,
2.64,,,
2.43,,,
3.08,,,
3.22,,,
2.69,,,
2.63,,,
3.11,,,
2.98,,,
3.07,,,
3.11,,,
2.58,,,
2.78,,,
3.09,,,
3.05,,,
3.16,,,
2.47,,,
3.18,,,
3.41,,,
2.51,,,
2.72,,,
2.46,,,
2.53,,,
2.67,,,
2.89,,,
2.50,,,
2.69,,,
3.26,,,
2.80,,,
3.22,,,
3.15,,,
2.56,,,
3.02,,,
2.36,,,
2.99,,,
2.96,,,
2.99,,,
2.90,,,
2.96,,,
2.48,,,
3.01,,,
3.29,,,
3.01,,,
3.17,,,
2.97,,,
3.14,,,
3.16,,,
2.63,,,
2.60,,,
2.68,,,
3.07,,,
2.92,,,
2.27,,,
2.33,,,
3.31,,,
2.85,,,
3.06,,,
2.93,,,
2.55,,,
2.48,,,
3.20,,,
2.47,,,
3.20,,,
2.63,,,
3.19,,,
2.53,,,
3.00,,,
3.06,,,
3.16,,,
2.28,,,
2.83,,,
3.26,,,
3.31,,,
3.07,,,
2.98,,,
3.09,,,
3.16,,,
3.05,,,
2.71,,,
3.13,,,
2.62,,,
3.00,,,
2.85,,,
2.42,,,
3.16,,,
3.22,,,
2.80,,,
3.09,,,
3.19,,,
2.39,,,
2.55,,,
3.08,,,
2.82,,,
2.71,,,
2.87,,,
3.25,,,
3.02,,,
3.05,,,
2.81,,,
3.05,,,
2.85,,,
3.04,,,
3.00,,,
3.10,,,
2.79,,,
3.33,,,
3.16,,,
2.50,,,
2.94,,,
2.93,,,
3.11,,,
2.66,,,
3.04,,,
2.69,,,
3.00,,,
3.16,,,
2.82,,,
3.10,,,
3.14,,,
3.11,,,
2.76,,,
2.58,,,
3.10,,,
2.95,,,
2.85,,,
3.25,,,
2.45,,,
2.75,,,
2.92,,,
2.64,,,
3.02,,,
3.10,,,
2.70,,,
2.70,,,
2.44,,,
2.88,,,
2.67,,,
2.95,,,
3.05,,,
3.17,,,
3.05,,,
2.88,,,
2.43,,,
2.72,,,
3.00,,,
2.75,,,
3.12,,,
3.02,,,
2.95,,,
2.60,,,
3.53,,,
2.87,,,
3.13,,,
3.09,,,
2.57,,,
2.64,,,
3.13,,,
3.05,,,
2.96,,,
2.54,,,
2.94,,,
2.92,,,
3.04,,,
3.19,,,
2.65,,,
3.10,,,
3.07,,,
3.05,,,
3.10,,,
3.04,,,
3.00,,,
2.95,,,
2.66,,,
3.14,,,
2.63,,,
2.61,,,
2.74,,,
3.13,,,
3.00,,,
2.55,,,
2.87,,,
3.24,,,
3.18,,,
2.80,,,
2.90,,,
2.91,,,
2.51,,,
3.13,,,
2.95,,,
3.11,,,
2.68,,,
2.95,,,
3.12,,,
2.64,,,
3.04,,,
2.39,,,
2.58,,,
2.60,,,
2.90,,,
3.03,,,
3.30,,,
2.98,,,
3.05,,,
3.05,,,
3.18,,,
3.15,,,
2.99,,,
3.15,,,
2.87,,,
2.87,,,
2.98,,,
3.07,,,
3.05,,,
3.19,,,
2.58,,,
3.00,,,
3.13,,,
2.64,,,
3.05,,,
2.76,,,
3.13,,,
3.00,,,
2.62,,,
3.35,,,
2.45,,,
2.50,,,
2.82,,,
2.54,,,
2.57,,,
2.94,,,
2.67,,,
2.96,,,
2.90,,,
2.92,,,
3.16,,,
2.63,,,
3.02,,,
2.66,,,
2.55,,,
2.97,,,
3.12,,,
2.17,,,
2.24,,,
2.55,,,
3.27,,,
3.06,,,
2.41,,,
2.93,,,
2.66,,,
3.36,,,
2.83,,,
2.69,,,
2.94,,,
3.00,,,
3.28,,,
2.24,,,
3.34,,,
2.80,,,
2.57,,,
2.49,,,
2.99,,,
3.36,,,
2.95,,,
2.63,,,
3.18,,,
3.26,,,
2.75,,,
2.56,,,
2.75,,,
2.65,,,
3.20,,,
3.26,,,
3.29,,,
3.00,,,
2.72,,,
2.93,,,
3.10,,,
2.73,,,
2.91,,,
2.99,,,
2.74,,,
2.86,,,
2.65,,,
2.57,,,
3.13,,,
2.46,,,
3.08,,,
3.21,,,
3.05,,,
2.33,,,
2.55,,,
2.35,,,
3.06,,,
2.44,,,
3.04,,,
2.72,,,
2.91,,,
3.49,,,
3.17,,,
2.69,,,
2.96,,,
3.02,,,
2.45,,,
2.42,,,
3.20,,,
2.94,,,
3.41,,,
3.17,,,
3.10,,,
3.34,,,
2.97,,,
2.89,,,
2.95,,,
2.81,,,
2.70,,,
3.03,,,
2.99,,,
3.02,,,
2.87,,,
3.11,,,
3.10,,,
2.87,,,
3.24,,,
2.67,,,
3.04,,,
3.01,,,
2.97,,,
2.80,,,
2.60,,,
2.88,,,
2.18,,,
3.37,,,
2.46,,,
3.00,,,
2.93,,,
2.79,,,
2.98,,,
2.86,,,
2.88,,,
2.68,,,
2.62,,,
2.60,,,
3.07,,,
2.70,,,
3.33,,,
2.26,,,
3.10,,,
3.12,,,
3.20,,,
2.63,,,
2.82,,,
3.05,,,
3.23,,,
3.09,,,
2.95,,,
2.68,,,
3.16,,,
2.93,,,
2.85,,,
2.74,,,
2.47,,,
2.93,,,
3.23,,,
2.91,,,
2.99,,,
2.48,,,
2.53,,,
2.82,,,
3.06,,,
2.83,,,
3.14,,,
2.64,,,
2.49,,,
2.61,,,
3.11,,,
2.80,,,
2.56,,,
2.81,,,
2.62,,,
2.63,,,
2.94,,,
3.11,,,
2.92,,,
2.87,,,
2.96,,,
3.06,,,
3.00,,,
2.88,,,
3.11,,,
3.37,,,
3.07,,,
2.70,,,
2.45,,,
2.89,,,
3.19,,,
2.95,,,
3.06,,,
2.42,,,
3.00,,,
3.15,,,
3.16,,,
3.00,,,
2.36,,,
3.14,,,
3.17,,,
2.84,,,
2.54,,,
2.78,,,
2.50,,,
3.32,,,
2.85,,,
3.02,,,
3.05,,,
2.99,,,
2.97,,,
3.03,,,
3.35,,,
3.00,,,
3.28,,,
3.38,,,
2.91,,,
3.09,,,
2.85,,,
3.27,,,
2.68,,,
2.65,,,
3.05,,,
3.25,,,
2.80,,,
3.24,,,
2.92,,,
3.03,,,
2.63,,,
2.94,,,
3.08,,,
2.90,,,
2.93,,,
3.03,,,
3.07,,,
2.96,,,
2.84,,,
3.09,,,
3.06,,,
2.80,,,
2.79,,,
3.05,,,
3.19,,,
2.89,,,
2.93,,,
2.58,,,
3.20,,,
2.67,,,
2.59,,,
2.77,,,
2.66,,,
2.44,,,
2.63,,,
2.55,,,
3.03,,,
2.67,,,
3.07,,,
2.68,,,
2.65,,,
3.14,,,
3.32,,,
3.31,,,
2.90,,,
3.15,,,
2.82,,,
3.19,,,
3.04,,,
3.13,,,
2.74,,,
3.16,,,
2.95,,,
2.60,,,
2.62,,,
2.76,,,
3.14,,,
3.01,,,
3.17,,,
2.32,,,
2.67,,,
3.30,,,
2.56,,,
3.05,,,
2.67,,,
3.22,,,
3.03,,,
2.89,,,
3.19,,,
2.44,,,
2.94,,,
2.63,,,
2.80,,,
2.95,,,
3.20,,,
3.27,,,
3.35,,,
2.60,,,
2.56,,,
2.94,,,
3.17,,,
2.54,,,
2.45,,,
2.83,,,
2.98,,,
3.01,,,
2.90,,,
2.63,,,
3.42,,,
3.36,,,
3.39,,,
3.03,,,
2.87,,,
2.92,,,
2.97,,,
3.30,,,
3.06,,,
3.11,,,
3.03,,,
2.54,,,
2.51,,,
3.10,,,
2.49,,,
3.14,,,
3.04,,,
2.91,,,
3.08,,,
2.55,,,
2.55,,,
2.90,,,
3.00,,,
2.90,,,
3.13,,,
2.26,,,
2.40,,,
2.65,,,
3.05,,,
2.87,,,
2.97,,,
3.09,,,
2.59,,,
3.10,,,
3.01,,,
2.75,,,
2.49,,,
3.25,,,
2.74,,,
3.24,,,
2.80,,,
2.30,,,
3.15,,,
2.91,,,
3.07,,,
2.47,,,
3.21,,,
2.86,,,
2.61,,,
2.45,,,
3.02,,,
3.00,,,
2.97,,,
3.02,,,
2.66,,,
3.37,,,
3.02,,,
3.08,,,
3.13,,,
2.51,,,
2.47,,,
2.99,,,
3.34,,,
2.61,,,
2.97,,,
2.73,,,
3.12,,,
3.06,,,
2.94,,,
2.38,,,
2.86,,,
3.34,,,
2.96,,,
2.94,,,
3.33,,,
2.98,,,
2.42,,,
2.90,,,
2.46,,,
3.03,,,
3.37,,,
2.97,,,
2.48,,,
3.03,,,
2.54,,,
2.82,,,
2.98,,,
2.56,,,
2.66,,,
3.08,,,
3.17,,,
2.82,,,
3.32,,,
2.69,,,
3.31,,,
2.55,,,
3.26,,,
2.81,,,
3.00,,,
2.75,,,
2.72,,,
2.41,,,
3.22,,,
2.45,,,
3.09,,,
3.13,,,
2.98,,,
2.84,,,
2.96,,,
3.04,,,
2.98,,,
2.64,,,
2.77,,,
3.09,,,
3.29,,,
3.14,,,
2.92,,,
2.64,,,
3.00,,,
3.03,,,
3.09,,,
2.92,,,
2.98,,,
2.91,,,
2.74,,,
2.48,,,
3.15,,,
3.19,,,
2.52,,,
2.82,,,
2.61,,,
2.89,,,
2.81,,,
2.84,,,
2.80,,,
3.25,,,
3.06,,,
3.08,,,
2.98,,,
3.29,,,
2.91,,,
2.70,,,
3.01,,,
2.69,,,
2.45,,,
2.59,,,
2.94,,,
3.11,,,
3.12,,,
2.43,,,
3.05,,,
2.62,,,
2.85,,,
2.77,,,
2.95,,,
3.15,,,
2.84,,,
3.20,,,
2.85,,,
2.80,,,
3.41,,,
3.53,,,
2.72,,,
3.33,,,
2.40,,,
3.19,,,
2.83,,,
3.01,,,
3.18,,,
2.55,,,
2.42,,,
2.51,,,
2.92,,,
2.88,,,
3.17,,,
3.01,,,
2.79,,,
2.48,,,
3.12,,,
2.99,,,
3.22,,,
2.89,,,
2.35,,,
2.62,,,
3.10,,,
2.93,,,
3.12,,,
2.78,,,
2.87,,,
3.22,,,
2.56,,,
2.87,,,
2.50,,,
2.44,,,
3.27,,,
3.23,,,
2.68,,,
2.65,,,
2.76,,,
3.13,,,
3.08,,,
3.08,,,
2.93,,,
2.96,,,
3.24,,,
2.65,,,
3.14,,,
2.80,,,
2.62,,,
3.02,,,
3.15,,,
3.17,,,
2.97,,,
2.75,,,
2.84,,,
2.83,,,
2.73,,,
3.19,,,
3.38,,,
2.76,,,
2.48,,,
2.56,,,
2.59,,,
2.64,,,
2.51,,,
2.97,,,
3.14,,,
3.31,,,
3.21,,,
3.32,,,
2.99,,,
2.86,,,
2.74,,,
3.29,,,
2.87,,,
2.75,,,
2.75,,,
3.05,,,
2.85,,,
2.86,,,
2.89,,,
2.89,,,
3.11,,,
3.21,,,
2.66,,,
2.43,,,
2.95,,,
3.04,,,
3.07,,,
2.90,,,
2.52,,,
2.53,,,
2.64,,,
3.14,,,
2.58,,,
2.75,,,
2.76,,,
3.39,,,
3.06,,,
2.87,,,
2.50,,,
3.24,,,
2.94,,,
3.15,,,
2.63,,,
2.83,,,
2.91,,,
3.19,,,
2.44,,,
3.08,,,
2.82,,,
2.70,,,
2.57,,,
2.43,,,
2.29,,,
3.08,,,
3.12,,,
3.23,,,
2.62,,,
3.17,,,
2.95,,,
2.92,,,
2.47,,,
2.87,,,
2.55,,,
3.03,,,
3.08,,,
3.19,,,
2.64,,,
2.97,,,
2.45,,,
2.63,,,
2.55,,,
2.94,,,
2.96,,,
2.99,,,
2.65,,,
2.26,,,
3.08,,,
2.59,,,
2.59,,,
2.67,,,
2.75,,,
2.94,,,
2.92,,,
3.25,,,
2.41,,,
3.04,,,
2.91,,,
2.49,,,
3.03,,,
2.83,,,
2.76,,,
3.07,,,
2.95,,,
2.66,,,
2.23,,,
3.14,,,
2.58,,,
3.00,,,
2.97,,,
3.20,,,
2.43,,,
2.61,,,
3.24,,,
3.05,,,
2.37,,,
2.76,,,
3.17,,,
2.92,,,
3.15,,,
2.84,,,
2.60,,,
2.71,,,
3.13,,,
2.84,,,
2.86,,,
3.04,,,
3.10,,,
3.14,,,
2.82,,,
2.87,,,
3.28,,,
3.21,,,
2.88,,,
3.03,,,
2.50,,,
2.73,,,
2.98,,,
3.43,,,
3.32,,,
3.06,,,
2.72,,,
3.14,,,
2.92,,,
3.06,,,
2.99,,,
2.92,,,
2.70,,,
3.01,,,
3.17,,,
3.23,,,
3.16,,,
2.69,,,
3.23,,,
3.62,,,
2.57,,,
3.02,,,
2.91,,,
2.55,,,
3.12,,,
3.05,,,
2.27,,,
2.58,,,
2.76,,,
2.86,,,
3.12,,,
2.61,,,
2.82,,,
2.59,,,
2.81,,,
3.16,,,
2.59,,,
2.63,,,
2.37,,,
2.58,,,
2.77,,,
3.30,,,
2.74,,,
2.98,,,
3.05,,,
3.15,,,
2.94,,,
3.31,,,
3.20,,,
3.18,,,
3.04,,,
2.40,,,
3.26,,,
3.18,,,
3.20,,,
3.10,,,
2.34,,,
2.83,,,
2.90,,,
3.25,,,
3.21,,,
3.17,,,
2.60,,,
2.86,,,
3.27,,,
3.07,,,
2.79,,,
2.64,,,
2.87,,,
2.43,,,
2.51,,,
2.70,,,
2.80,,,
2.69,,,
2.56,,,
3.09,,,
2.93,,,
3.06,,,
2.96,,,
3.21,,,
3.13,,,
2.62,,,
2.90,,,
2.90,,,
2.74,,,
3.20,,,
2.94,,,
2.73,,,
2.93,,,
2.52,,,
3.18,,,
2.75,,,
3.29,,,
3.12,,,
3.12,,,
3.09,,,
3.13,,,
3.13,,,
3.14,,,
3.14,,,
2.36,,,
3.02,,,
2.97,,,
3.30,,,
3.03,,,
2.66,,,
3.25,,,
3.04,,,
3.22,,,
3.47,,,
2.89,,,
3.18,,,
2.83,,,
2.53,,,
3.14,,,
3.51,,,
3.30,,,
2.88,,,
2.88,,,
3.04,,,
2.89,,,
2.78,,,
2.71,,,
2.95,,,
2.92,,,
2.52,,,
2.91,,,
2.51,,,
2.69,,,
3.13,,,
2.57,,,
2.97,,,
2.58,,,
3.35,,,
2.56,,,
2.64,,,
3.27,,,
2.91,,,
3.30,,,
2.76,,,
3.22,,,
2.45,,,
2.46,,,
3.17,,,
3.10,,,
2.84,,,
3.11,,,
2.78,,,
2.65,,,
2.96,,,
2.95,,,
3.08,,,
2.45,,,
2.60,,,
2.71,,,
3.04,,,
2.86,,,
3.03,,,
2.85,,,
2.69,,,
2.81,,,
2.49,,,
3.01,,,
2.85,,,
3.04,,,
2.62,,,
3.19,,,
2.30,,,
2.70,,,
2.47,,,
2.75,,,
3.16,,,
2.99,,,
3.43,,,
2.63,,,
2.99,,,
2.71,,,
2.50,,,
3.19,,,
2.45,,,
2.59,,,
2.71,,,
3.19,,,
3.25,,,
2.77,,,
3.09,,,
3.04,,,
2.51,,,
2.85,,,
2.61,,,
2.59,,,
2.84,,,
3.10,,,
3.06,,,
2.76,,,
2.98,,,
2.43,,,
3.43,,,
3.18,,,
3.37,,,
2.97,,,
3.08,,,
2.66,,,
2.97,,,
2.64,,,
3.24,,,
2.47,,,
2.78,,,
3.46,,,
2.72,,,
2.76,,,
3.00,,,
3.13,,,
2.57,,,
2.72,,,
2.48,,,
3.12,,,
3.14,,,
2.33,,,
2.82,,,
3.00,,,
3.27,,,
3.22,,,
2.71,,,
2.47,,,
2.44,,,
2.68,,,
2.99,,,
2.81,,,
3.19,,,
2.83,,,
2.75,,,
2.64,,,
2.50,,,
2.55,,,
3.43,,,
2.47,,,
3.12,,,
2.60,,,
2.74,,,
2.76,,,
2.81,,,
3.04,,,
2.74,,,
2.11,,,
3.14,,,
3.12,,,
3.02,,,
3.04,,,
3.13,,,
2.71,,,
2.58,,,
3.22,,,
3.07,,,
3.13,,,
3.27,,,
2.62,,,
2.91,,,
2.49,,,
3.03,,,
2.70,,,
3.30,,,
2.75,,,
2.75,,,
2.55,,,
3.33,,,
2.61,,,
3.00,,,
3.12,,,
2.69,,,
3.18,,,
3.39,,,
3.09,,,
2.77,,,
2.83,,,
2.97,,,
2.90,,,
2.42,,,
2.81,,,
2.65,,,
2.80,,,
2.64,,,
2.99,,,
3.01,,,
2.42,,,
2.99,,,
3.01,,,
2.60,,,
3.21,,,
3.22,,,
3.31,,,
3.14,,,
2.72,,,
2.93,,,
2.90,,,
3.17,,,
3.42,,,
3.15,,,
2.85,,,
2.74,,,
2.54,,,
3.09,,,
2.64,,,
3.09,,,
3.12,,,
2.65,,,
3.04,,,
3.07,,,
2.86,,,
3.11,,,
3.26,,,
3.09,,,
2.66,,,
2.58,,,
3.34,,,
3.49,,,
2.30,,,
2.80,,,
2.95,,,
3.00,,,
2.90,,,
2.98,,,
2.57,,,
2.91,,,
2.93,,,
3.11,,,
3.13,,,
2.62,,,
3.32,,,
2.90,,,
2.40,,,
2.61,,,
2.95,,,
2.87,,,
3.27,,,
2.98,,,
3.19,,,
2.86,,,
2.68,,,
2.92,,,
2.65,,,
2.73,,,
2.41,,,
3.07,,,
2.97,,,
2.40,,,
3.10,,,
2.66,,,
3.18,,,
3.25,,,
3.37,,,
2.93,,,
3.37,,,
2.81,,,
3.11,,,
2.57,,,
2.72,,,
2.83,,,
3.35,,,
3.02,,,
2.57,,,
2.93,,,
3.22,,,
2.92,,,
2.49,,,
3.04,,,
3.14,,,
2.96,,,
3.02,,,
2.61,,,
2.47,,,
2.69,,,
2.78,,,
3.38,,,
2.99,,,
3.16,,,
2.72,,,
2.63,,,
3.06,,,
2.56,,,
2.47,,,
2.98,,,
2.87,,,
3.26,,,
3.31,,,
2.62,,,
2.84,,,
2.93,,,
3.22,,,
3.09,,,
2.49,,,
2.85,,,
3.21,,,
2.87,,,
3.10,,,
2.95,,,
2.55,,,
2.50,,,
2.54,,,
2.26,,,
3.03,,,
3.25,,,
3.04,,,
3.09,,,
2.66,,,
3.09,,,
2.59,,,
3.02,,,
2.67,,,
2.72,,,
2.96,,,
2.39,,,
2.78,,,
3.14,,,
3.10,,,
3.16,,,
3.11,,,
3.04,,,
3.05,,,
3.01,,,
2.61,,,
2.89,,,
3.12,,,
3.12,,,
2.42,,,
3.44,,,
2.72,,,
3.13,,,
2.80,,,
2.61,,,
3.01,,,
2.64,,,
3.06,,,
2.52,,,
2.53,,,
2.87,,,
2.87,,,
2.51,,,
2.68,,,
2.99,,,
2.61,,,
2.42,,,
2.98,,,
2.87,,,
2.64,,,
3.11,,,
2.98,,,
2.69,,,
3.21,,,
2.97,,,
3.01,,,
3.15,,,
3.08,,,
3.29,,,
3.06,,,
3.18,,,
2.85,,,
3.08,,,
2.76,,,
3.08,,,
3.37,,,
3.03,,,
2.77,,,
2.74,,,
2.51,,,
2.35,,,
3.57,,,
2.34,,,
2.57,,,
3.16,,,
2.63,,,
2.84,,,
3.23,,,
3.29,,,
3.28,,,
2.86,,,
2.92,,,
3.39,,,
2.81,,,
3.31,,,
2.58,,,
2.68,,,
2.90,,,
2.61,,,
2.79,,,
2.82,,,
3.01,,,
2.78,,,
2.88,,,
2.86,,,
3.03,,,
2.48,,,
2.63,,,
3.16,,,
3.08,,,
3.23,,,
2.97,,,
3.40,,,
2.96,,,
2.50,,,
2.66,,,
2.82,,,
3.32,,,
2.98,,,
2.95,,,
2.66,,,
2.52,,,
2.93,,,
3.01,,,
3.50,,,
2.60,,,
3.00,,,
3.19,,,
3.22,,,
2.64,,,
2.59,,,
3.30,,,
2.82,,,
2.88,,,
2.52,,,
3.03,,,
3.32,,,
2.85,,,
3.24,,,
2.68,,,
2.89,,,
2.57,,,
2.58,,,
3.12,,,
2.72,,,
3.04,,,
2.80,,,
3.24,,,
2.78,,,
2.65,,,
2.62,,,
2.67,,,
2.16,,,
3.11,,,
2.89,,,
3.02,,,
2.95,,,
2.83,,,
3.08,,,
2.51,,,
2.98,,,
3.32,,,
2.91,,,
2.42,,,
3.07,,,
3.02,,,
3.09,,,
2.92,,,
3.04,,,
2.67,,,
2.32,,,
3.21,,,
2.52,,,
3.43,,,
2.96,,,
2.68,,,
3.25,,,
2.83,,,
2.52,,,
3.21,,,
3.07,,,
3.09,,,
3.09,,,
3.29,,,
3.01,,,
2.62,,,
2.85,,,
2.67,,,
2.94,,,
2.80,,,
2.49,,,
2.54,,,
2.98,,,
3.07,,,
2.67,,,
2.63,,,
3.07,,,
3.08,,,
2.53,,,
3.07,,,
2.50,,,
3.23,,,
2.83,,,
2.62,,,
2.95,,,
3.13,,,
2.66,,,
3.20,,,
2.67,,,
3.18,,,
2.88,,,
2.68,,,
2.92,,,
3.16,,,
2.79,,,
2.52,,,
2.95,,,
2.52,,,
3.32,,,
2.39,,,
2.95,,,
2.64,,,
3.14,,,
2.53,,,
3.13,,,
2.72,,,
2.53,,,
2.72,,,
3.10,,,
2.83,,,
2.93,,,
2.80,,,
2.88,,,
3.15,,,
3.04,,,
2.97,,,
2.45,,,
3.21,,,
3.32,,,
3.24,,,
2.79,,,
3.19,,,
2.61,,,
2.96,,,
2.97,,,
3.23,,,
3.02,,,
2.59,,,
3.32,,,
2.47,,,
3.19,,,
2.84,,,
3.06,,,
3.10,,,
3.01,,,
2.70,,,
2.38,,,
2.83,,,
2.87,,,
2.48,,,
2.71,,,
3.04,,,
3.20,,,
3.05,,,
3.20,,,
3.38,,,
2.51,,,
3.23,,,
2.96,,,
2.86,,,
2.96,,,
2.86,,,
3.22,,,
2.66,,,
3.17,,,
2.34,,,
2.66,,,
3.10,,,
2.69,,,
3.35,,,
3.37,,,
3.22,,,
2.99,,,
3.28,,,
2.71,,,
3.03,,,
2.73,,,
2.93,,,
2.81,,,
2.88,,,
3.19,,,
3.03,,,
3.09,,,
3.36,,,
2.61,,,
3.17,,,
2.78,,,
3.13,,,
3.05,,,
2.58,,,
2.94,,,
3.32,,,
3.15,,,
2.99,,,
2.93,,,
3.01,,,
2.90,,,
2.77,,,
3.25,,,
2.88,,,
2.65,,,
3.25,,,
2.97,,,
3.12,,,
3.10,,,
3.30,,,
2.65,,,
2.75,,,
3.18,,,
2.98,,,
2.76,,,
3.04,,,
2.87,,,
2.93,,,
3.25,,,
2.89,,,
3.02,,,
3.27,,,
3.32,,,
2.70,,,
3.13,,,
2.89,,,
3.27,,,
3.00,,,
3.04,,,
2.81,,,
2.97,,,
3.16,,,
3.01,,,
3.11,,,
3.07,,,
2.49,,,
2.61,,,
2.88,,,
2.87,,,
2.92,,,
3.01,,,
3.04,,,
2.84,,,
2.95,,,
2.52,,,
2.91,,,
3.21,,,
3.08,,,
2.60,,,
2.62,,,
3.01,,,
2.57,,,
2.83,,,
2.68,,,
2.50,,,
3.22,,,
2.81,,,
3.25,,,
2.42,,,
2.90,,,
2.67,,,
2.98,,,
2.79,,,
3.09,,,
2.85,,,
2.90,,,
2.93,,,
3.18,,,
2.99,,,
2.84,,,
3.35,,,
2.45,,,
2.60,,,
3.40,,,
2.78,,,
3.24,,,
3.12,,,
2.66,,,
2.75,,,
2.78,,,
2.72,,,
2.60,,,
2.91,,,
2.61,,,
2.27,,,
3.08,,,
2.84,,,
2.48,,,
2.55,,,
2.93,,,
2.54,,,
2.69,,,
2.44,,,
3.25,,,
2.59,,,
3.14,,,
2.73,,,
2.65,,,
3.05,,,
3.03,,,
2.87,,,
2.35,,,
2.68,,,
2.41,,,
2.26,,,
3.08,,,
2.80,,,
2.95,,,
2.30,,,
2.66,,,
3.19,,,
2.70,,,
2.94,,,
3.01,,,
2.98,,,
2.93,,,
3.06,,,
2.38,,,
3.16,,,
2.86,,,
3.03,,,
3.11,,,
3.10,,,
2.69,,,
3.25,,,
2.59,,,
2.96,,,
3.15,,,
2.58,,,
3.09,,,
2.98,,,
3.48,,,
2.65,,,
2.79,,,
2.49,,,
3.27,,,
3.07,,,
3.03,,,
2.46,,,
3.20,,,
2.95,,,
2.87,,,
2.71,,,
2.82,,,
2.46,,,
2.86,,,
3.04,,,
2.80,,,
2.90,,,
3.17,,,
3.15,,,
2.68,,,
2.72,,,
2.60,,,
3.03,,,
3.01,,,
2.44,,,
2.75,,,
2.50,,,
2.73,,,
2.69,,,
2.57,,,
2.45,,,
2.85,,,
3.07,,,
3.07,,,
2.68,,,
3.07,,,
2.49,,,
2.91,,,
2.60,,,
2.44,,,
3.51,,,
3.00,,,
3.29,,,
2.42,,,
2.89,,,
2.50,,,
2.98,,,
2.93,,,
2.59,,,
3.13,,,
2.51,,,
3.05,,,
2.74,,,
2.59,,,
3.01,,,
2.37,,,
3.24,,,
3.18,,,
3.00,,,
3.32,,,
2.27,,,
2.59,,,
3.24,,,
3.24,,,
2.72,,,
3.07,,,
3.10,,,
2.81,,,
2.85,,,
2.82,,,
2.70,,,
3.30,,,
3.16,,,
3.27,,,
2.40,,,
3.14,,,
2.78,,,
3.02,,,
2.95,,,
2.84,,,
3.30,,,
3.05,,,
3.17,,,
3.09,,,
3.31,,,
3.20,,,
2.97,,,
2.51,,,
2.55,,,
3.07,,,
2.68,,,
2.65,,,
2.92,,,
2.51,,,
2.80,,,
3.02,,,
3.44,,,
3.31,,,
2.60,,,
2.29,,,
3.22,,,
3.36,,,
2.85,,,
3.05,,,
2.64,,,
3.06,,,
2.85,,,
3.10,,,
3.08,,,
2.50,,,
3.13,,,
2.67,,,
2.61,,,
2.87,,,
3.15,,,
2.51,,,
2.44,,,
2.97,,,
2.59,,,
3.08,,,
3.28,,,
2.64,,,
2.86,,,
3.00,,,
2.93,,,
2.31,,,
3.00,,,
3.31,,,
3.17,,,
2.73,,,
2.70,,,
3.09,,,
2.45,,,
3.01,,,
2.66,,,
2.95,,,
3.07,,,
3.17,,,
3.09,,,
2.43,,,
3.13,,,
2.95,,,
3.16,,,
2.66,,,
2.91,,,
2.67,,,
3.12,,,
3.11,,,
3.03,,,
3.24,,,
3.21,,,
2.85,,,
2.54,,,
2.71,,,
3.08,,,
2.65,,,
3.02,,,
3.25,,,
2.82,,,
2.70,,,
3.05,,,
2.69,,,
3.24,,,
2.70,,,
3.15,,,
2.99,,,
3.12,,,
3.18,,,
2.68,,,
3.36,,,
2.99,,,
2.48,,,
3.01,,,
3.02,,,
2.58,,,
2.55,,,
2.98,,,
2.75,,,
2.97,,,
2.78,,,
2.46,,,
3.13,,,
2.62,,,
3.15,,,
2.98,,,
2.45,,,
2.59,,,
2.77,,,
3.03,,,
2.95,,,
2.27,,,
2.66,,,
2.73,,,
3.19,,,
2.62,,,
2.97,,,
2.53,,,
2.39,,,
2.67,,,
2.67,,,
2.88,,,
2.54,,,
2.75,,,
3.37,,,
2.43,,,
2.59,,,
2.82,,,
2.78,,,
3.01,,,
3.11,,,
2.86,,,
3.21,,,
3.17,,,
2.84,,,
2.99,,,
3.17,,,
2.51,,,
2.78,,,
3.34,,,
2.79,,,
3.08,,,
3.22,,,
2.53,,,
2.96,,,
3.04,,,
3.06,,,
2.59,,,
2.60,,,
2.72,,,
2.87,,,
2.94,,,
3.47,,,
3.00,,,
3.16,,,
3.33,,,
3.06,,,
3.20,,,
2.54,,,
2.74,,,
3.28,,,
2.59,,,
2.87,,,
2.54,,,
2.46,,,
3.05,,,
3.08,,,
2.61,,,
3.19,,,
2.96,,,
2.60,,,
3.03,,,
3.33,,,
2.88,,,
3.07,,,
2.61,,,
2.57,,,
2.48,,,
2.93,,,
2.97,,,
3.06,,,
3.37,,,
2.74,,,
2.86,,,
2.32,,,
3.06,,,
3.24,,,
2.54,,,
2.98,,,
2.51,,,
3.13,,,
3.13,,,
2.32,,,
2.50,,,
2.47,,,
2.64,,,
2.92,,,
2.63,,,
2.49,,,
3.00,,,
3.09,,,
2.94,,,
3.22,,,
3.16,,,
2.90,,,
3.02,,,
2.87,,,
2.58,,,
2.72,,,
2.35,,,
2.66,,,
2.54,,,
2.87,,,
2.96,,,
3.12,,,
3.25,,,
2.63,,,
3.06,,,
2.97,,,
2.32,,,
2.98,,,
3.11,,,
3.15,,,
2.59,,,
2.75,,,
3.16,,,
3.01,,,
2.63,,,
2.56,,,
3.44,,,
2.76,,,
2.20,,,
2.61,,,
2.85,,,
3.11,,,
2.52,,,
2.96,,,
2.43,,,
2.79,,,
2.71,,,
2.98,,,
3.16,,,
2.75,,,
2.70,,,
3.08,,,
2.39,,,
2.87,,,
3.12,,,
2.90,,,
2.93,,,
2.99,,,
3.25,,,
2.55,,,
2.65,,,
2.65,,,
2.72,,,
3.10,,,
3.07,,,
3.12,,,
2.63,,,
2.65,,,
2.69,,,
3.06,,,
2.51,,,
3.21,,,
2.95,,,
2.74,,,
3.00,,,
2.66,,,
2.75,,,
3.15,,,
3.00,,,
2.72,,,
2.29,,,
2.69,,,
2.58,,,
3.01,,,
2.53,,,
2.72,,,
2.55,,,
3.05,,,
2.54,,,
2.69,,,
2.80,,,
3.08,,,
2.92,,,
3.17,,,
2.58,,,
3.25,,,
2.50,,,
3.02,,,
3.11,,,
2.96,,,
2.89,,,
3.11,,,
2.88,,,
3.06,,,
3.04,,,
2.89,,,
2.84,,,
3.00,,,
3.19,,,
3.19,,,
3.16,,,
2.74,,,
2.49,,,
3.18,,,
2.86,,,
3.32,,,
2.81,,,
2.72,,,
3.32,,,
2.93,,,
3.07,,,
2.42,,,
2.38,,,
3.40,,,
3.34,,,
2.43,,,
2.72,,,
2.58,,,
2.60,,,
2.60,,,
2.92,,,
3.00,,,
2.78,,,
2.74,,,
2.95,,,
3.24,,,
2.72,,,
3.03,,,
2.96,,,
3.11,,,
3.21,,,
2.93,,,
3.02,,,
3.07,,,
2.53,,,
2.47,,,
3.24,,,
2.64,,,
2.83,,,
3.10,,,
2.69,,,
3.04,,,
2.51,,,
2.55,,,
2.76,,,
2.83,,,
3.13,,,
2.98,,,
2.74,,,
2.56,,,
3.21,,,
2.58,,,
3.16,,,
3.27,,,
2.71,,,
2.80,,,
3.35,,,
2.89,,,
2.92,,,
3.23,,,
2.36,,,
2.61,,,
3.14,,,
2.41,,,
2.41,,,
3.21,,,
3.16,,,
3.08,,,
2.87,,,
2.46,,,
3.13,,,
2.65,,,
3.20,,,
3.06,,,
2.87,,,
3.21,,,
2.84,,,
2.92,,,
2.57,,,
2.57,,,
2.40,,,
3.16,,,
3.26,,,
3.16,,,
2.99,,,
2.82,,,
3.14,,,
2.36,,,
2.87,,,
2.76,,,
3.04,,,
3.15,,,
3.08,,,
2.76,,,
3.01,,,
3.07,,,
2.69,,,
2.69,,,
3.13,,,
3.01,,,
3.03,,,
2.82,,,
3.29,,,
2.41,,,
2.67,,,
2.85,,,
3.03,,,
3.14,,,
2.81,,,
3.03,,,
2.86,,,
3.17,,,
3.20,,,
3.38,,,
2.73,,,
2.89,,,
3.02,,,
2.62,,,
2.44,,,
2.95,,,
2.56,,,
2.86,,,
3.03,,,
3.14,,,
2.57,,,
2.66,,,
2.74,,,
3.12,,,
3.09,,,
3.04,,,
3.15,,,
2.80,,,
2.46,,,
3.08,,,
3.02,,,
2.56,,,
3.01,,,
3.05,,,
2.88,,,
2.95,,,
2.78,,,
2.65,,,
2.42,,,
2.78,,,
3.24,,,
2.89,,,
3.25,,,
3.21,,,
2.98,,,
3.07,,,
2.80,,,
2.95,,,
2.82,,,
2.81,,,
2.54,,,
3.32,,,
3.16,,,
3.21,,,
2.68,,,
2.53,,,
2.93,,,
2.98,,,
3.16,,,
2.57,,,
3.04,,,
2.64,,,
2.91,,,
2.94,,,
2.99,,,
2.47,,,
2.62,,,
2.89,,,
2.46,,,
2.71,,,
2.97,,,
2.49,,,
3.21,,,
2.95,,,
2.72,,,
2.74,,,
2.77,,,
3.04,,,
2.64,,,
3.07,,,
3.15,,,
3.23,,,
3.06,,,
3.12,,,
3.26,,,
3.47,,,
2.84,,,
3.33,,,
3.10,,,
3.23,,,
2.84,,,
2.87,,,
2.48,,,
3.26,,,
2.66,,,
3.11,,,
2.53,,,
2.70,,,
2.39,,,
3.02,,,
2.91,,,
3.02,,,
2.53,,,
3.05,,,
2.40,,,
2.54,,,
2.49,,,
3.15,,,
2.73,,,
2.78,,,
3.11,,,
3.09,,,
2.39,,,
3.11,,,
2.64,,,
3.11,,,
3.10,,,
3.14,,,
2.46,,,
2.96,,,
2.31,,,
2.91,,,
2.50,,,
2.74,,,
3.34,,,
2.80,,,
2.49,,,
3.17,,,
2.93,,,
2.40,,,
3.05,,,
3.21,,,
2.88,,,
2.93,,,
2.90,,,
2.59,,,
2.75,,,
2.97,,,
2.87,,,
2.96,,,
2.72,,,
2.65,,,
2.52,,,
2.70,,,
2.92,,,
2.73,,,
2.69,,,
3.18,,,
3.03,,,
3.10,,,
3.15,,,
2.63,,,
2.53,,,
2.86,,,
2.64,,,
3.21,,,
2.81,,,
2.73,,,
2.52,,,
3.12,,,
3.10,,,
2.65,,,
2.70,,,
3.01,,,
2.53,,,
2.93,,,
2.96,,,
2.67,,,
3.21,,,
2.74,,,
3.11,,,
2.61,,,
3.38,,,
2.29,,,
2.82,,,
3.14,,,
2.80,,,
3.02,,,
2.95,,,
2.28,,,
3.05,,,
2.51,,,
2.57,,,
2.84,,,
3.19,,,
2.49,,,
2.39,,,
3.11,,,
2.99,,,
2.66,,,
3.35,,,
2.53,,,
2.65,,,
2.97,,,
3.06,,,
3.08,,,
3.24,,,
2.99,,,
3.26,,,
3.04,,,
3.24,,,
3.03,,,
3.10,,,
3.11,,,
3.32,,,
2.63,,,
2.68,,,
2.64,,,
3.04,,,
2.30,,,
3.32,,,
3.01,,,
2.62,,,
2.92,,,
3.12,,,
3.30,,,
2.81,,,
2.88,,,
3.08,,,
3.28,,,
2.97,,,
2.89,,,
3.20,,,
3.37,,,
3.01,,,
2.48,,,
3.15,,,
3.09,,,
2.68,,,
2.77,,,
3.08,,,
2.72,,,
2.80,,,
3.00,,,
2.50,,,
3.02,,,
2.66,,,
2.59,,,
3.11,,,
3.18,,,
2.73,,,
2.58,,,
3.05,,,
3.00,,,
3.43,,,
2.64,,,
2.85,,,
3.12,,,
3.07,,,
2.59,,,
2.44,,,
2.48,,,
2.61,,,
2.29,,,
2.98,,,
2.78,,,
2.79,,,
2.87,,,
3.40,,,
3.02,,,
3.27,,,
3.18,,,
3.21,,,
2.41,,,
2.81,,,
2.36,,,
3.31,,,
3.13,,,
3.08,,,
3.03,,,
2.85,,,
3.25,,,
2.69,,,
3.37,,,
2.42,,,
2.39,,,
2.61,,,
3.10,,,
2.55,,,
2.90,,,
2.96,,,
2.91,,,
2.46,,,
2.61,,,
3.21,,,
3.18,,,
2.91,,,
3.21,,,
3.17,,,
3.27,,,
2.74,,,
3.06,,,
3.05,,,
2.90,,,
3.05,,,
2.85,,,
3.03,,,
2.58,,,
2.60,,,
2.52,,,
2.66,,,
2.68,,,
3.15,,,
2.97,,,
3.10,,,
2.55,,,
2.93,,,
2.47,,,
2.33,,,
2.76,,,
2.52,,,
3.03,,,
3.00,,,
2.88,,,
2.81,,,
2.51,,,
3.06,,,
3.29,,,
3.27,,,
2.95,,,
3.05,,,
2.83,,,
2.88,,,
3.30,,,
3.15,,,
3.10,,,
2.59,,,
2.84,,,
2.98,,,
2.53,,,
3.16,,,
3.03,,,
2.82,,,
2.48,,,
3.08,,,
3.18,,,
2.59,,,
2.58,,,
3.30,,,
2.90,,,
3.38,,,
2.42,,,
3.05,,,
3.17,,,
3.01,,,
3.05,,,
2.76,,,
3.13,,,
2.62,,,
3.09,,,
2.16,,,
3.07,,,
2.94,,,
2.88,,,
2.88,,,
2.14,,,
2.63,,,
2.55,,,
2.47,,,
3.11,,,
2.65,,,
2.42,,,
3.03,,,
3.26,,,
3.10,,,
3.03,,,
2.43,,,
3.14,,,
2.59,,,
2.51,,,
3.07,,,
2.91,,,
2.46,,,
2.78,,,
2.49,,,
2.97,,,
2.76,,,
3.48,,,
2.87,,,
2.63,,,
2.34,,,
3.18,,,
2.33,,,
2.42,,,
2.90,,,
2.65,,,
3.03,,,
2.60,,,
2.51,,,
3.30,,,
2.69,,,
2.76,,,
3.06,,,
2.80,,,
3.17,,,
2.63,,,
3.09,,,
3.23,,,
3.01,,,
2.86,,,
3.23,,,
3.05,,,
3.05,,,
3.03,,,
3.00,,,
3.18,,,
2.95,,,
2.44,,,
3.12,,,
3.16,,,
2.50,,,
2.86,,,
3.08,,,
3.19,,,
2.79,,,
2.82,,,
2.92,,,
2.77,,,
3.07,,,
3.26,,,
3.02,,,
2.44,,,
2.60,,,
3.10,,,
2.54,,,
2.77,,,
3.05,,,
3.28,,,
2.36,,,
2.87,,,
3.07,,,
3.09,,,
2.94,,,
2.76,,,
2.57,,,
2.89,,,
2.94,,,
2.95,,,
2.52,,,
2.86,,,
2.56,,,
3.21,,,
2.65,,,
3.16,,,
2.84,,,
2.78,,,
3.20,,,
2.94,,,
2.64,,,
2.92,,,
2.66,,,
2.53,,,
2.57,,,
3.13,,,
3.23,,,
3.15,,,
2.89,,,
2.53,,,
3.00,,,
2.56,,,
2.58,,,
2.95,,,
2.29,,,
2.31,,,
2.75,,,
3.29,,,
2.85,,,
2.48,,,
2.74,,,
3.33,,,
3.53,,,
2.58,,,
2.88,,,
2.69,,,
3.03,,,
2.46,,,
2.82,,,
3.23,,,
3.14,,,
3.13,,,
2.95,,,
2.98,,,
2.60,,,
2.89,,,
2.93,,,
3.07,,,
2.49,,,
3.11,,,
3.08,,,
2.24,,,
2.67,,,
2.93,,,
2.61,,,
2.58,,,
3.15,,,
2.66,,,
2.81,,,
2.97,,,
3.13,,,
2.96,,,
2.41,,,
2.61,,,
2.59,,,
3.12,,,
3.36,,,
2.75,,,
3.26,,,
3.01,,,
3.18,,,
2.96,,,
2.78,,,
3.07,,,
2.85,,,
3.09,,,
2.98,,,
3.18,,,
2.89,,,
2.52,,,
2.79,,,
3.00,,,
2.70,,,
3.39,,,
3.11,,,
2.27,,,
2.96,,,
3.19,,,
3.10,,,
2.70,,,
3.08,,,
2.90,,,
2.91,,,
3.23,,,
2.64,,,
2.99,,,
3.02,,,
3.04,,,
2.76,,,
2.98,,,
3.05,,,
3.02,,,
3.05,,,
3.03,,,
3.12,,,
3.15,,,
2.78,,,
3.18,,,
2.86,,,
3.12,,,
2.96,,,
2.99,,,
2.53,,,
3.06,,,
3.17,,,
3.11,,,
2.80,,,
2.90,,,
2.48,,,
2.56,,,
2.99,,,
2.79,,,
2.75,,,
2.86,,,
3.29,,,
2.76,,,
3.13,,,
3.15,,,
3.02,,,
3.02,,,
3.15,,,
3.31,,,
2.80,,,
3.08,,,
2.97,,,
2.60,,,
3.05,,,
3.05,,,
2.96,,,
3.09,,,
3.06,,,
2.33,,,
3.00,,,
2.54,,,
3.38,,,
3.37,,,
2.59,,,
3.11,,,
2.61,,,
3.06,,,
2.59,,,
3.02,,,
3.04,,,
2.55,,,
2.81,,,
2.93,,,
3.00,,,
3.10,,,
3.06,,,
3.06,,,
2.96,,,
2.79,,,
2.49,,,
2.91,,,
3.10,,,
2.68,,,
2.67,,,
2.73,,,
3.05,,,
2.52,,,
2.40,,,
3.15,,,
2.65,,,
2.52,,,
2.45,,,
3.15,,,
2.86,,,
3.22,,,
2.58,,,
2.51,,,
3.08,,,
2.41,,,
2.56,,,
3.01,,,
2.81,,,
2.78,,,
2.57,,,
2.22,,,
3.24,,,
2.74,,,
3.02,,,
2.78,,,
2.44,,,
2.51,,,
3.09,,,
2.38,,,
3.04,,,
3.00,,,
3.17,,,
2.57,,,
2.71,,,
3.12,,,
3.03,,,
3.34,,,
2.78,,,
2.50,,,
2.60,,,
2.99,,,
3.44,,,
2.86,,,
3.13,,,
2.81,,,
2.72,,,
2.85,,,
2.92,,,
2.60,,,
2.69,,,
3.11,,,
2.95,,,
2.42,,,
3.38,,,
2.63,,,
3.10,,,
3.04,,,
2.42,,,
2.38,,,
2.99,,,
3.00,,,
3.14,,,
2.97,,,
3.05,,,
2.58,,,
2.68,,,
2.65,,,
2.51,,,
2.66,,,
2.63,,,
2.90,,,
2.91,,,
3.13,,,
3.20,,,
3.07,,,
3.07,,,
2.73,,,
2.95,,,
3.03,,,
2.78,,,
2.98,,,
3.43,,,
2.50,,,
3.34,,,
2.97,,,
3.07,,,
2.87,,,
2.65,,,
3.09,,,
2.97,,,
3.10,,,
3.28,,,
3.07,,,
3.25,,,
2.99,,,
2.58,,,
2.61,,,
3.16,,,
2.69,,,
3.13,,,
2.97,,,
3.17,,,
3.05,,,
2.70,,,
3.03,,,
2.94,,,
2.32,,,
3.29,,,
2.68,,,
2.65,,,
3.08,,,
2.93,,,
3.02,,,
3.11,,,
2.98,,,
3.01,,,
3.17,,,
2.42,,,
2.73,,,
3.03,,,
3.11,,,
3.11,,,
3.16,,,
3.34,,,
2.52,,,
2.99,,,
3.23,,,
3.02,,,
2.96,,,
3.03,,,
3.32,,,
2.86,,,
2.95,,,
2.19,,,
3.07,,,
2.58,,,
3.00,,,
3.14,,,
2.58,,,
2.50,,,
3.00,,,
3.04,,,
2.43,,,
3.06,,,
2.49,,,
2.70,,,
2.84,,,
2.58,,,
3.36,,,
2.45,,,
3.05,,,
3.20,,,
2.68,,,
3.08,,,
3.02,,,
2.71,,,
3.12,,,
3.35,,,
2.95,,,
2.64,,,
2.95,,,
3.19,,,
2.62,,,
2.47,,,
2.99,,,
2.74,,,
2.46,,,
2.41,,,
2.47,,,
2.79,,,
2.83,,,
2.95,,,
2.88,,,
2.63,,,
2.79,,,
3.22,,,
3.16,,,
2.72,,,
2.54,,,
3.42,,,
2.30,,,
3.35,,,
2.59,,,
2.84,,,
3.08,,,
3.14,,,
2.45,,,
2.78,,,
3.21,,,
2.47,,,
2.74,,,
2.76,,,
2.53,,,
3.09,,,
2.50,,,
2.72,,,
2.60,,,
3.17,,,
2.51,,,
2.82,,,
2.99,,,
2.63,,,
2.57,,,
3.27,,,
3.08,,,
3.16,,,
3.19,,,
2.83,,,
2.59,,,
2.41,,,
2.50,,,
2.50,,,
3.10,,,
2.79,,,
2.55,,,
2.99,,,
2.87,,,
3.13,,,
2.58,,,
2.98,,,
2.87,,,
2.95,,,
2.83,,,
2.72,,,
2.56,,,
2.68,,,
3.22,,,
2.86,,,
2.87,,,
2.53,,,
2.89,,,
3.00,,,
3.05,,,
2.72,,,
2.93,,,
3.00,,,
2.72,,,
2.83,,,
2.59,,,
2.53,,,
3.05,,,
3.09,,,
2.74,,,
3.10,,,
2.97,,,
2.67,,,
3.14,,,
3.46,,,
2.78,,,
3.14,,,
2.90,,,
2.91,,,
2.27,,,
2.70,,,
2.63,,,
2.64,,,
3.10,,,
3.24,,,
3.12,,,
3.20,,,
3.28,,,
3.18,,,
3.07,,,
2.47,,,
3.12,,,
3.17,,,
2.75,,,
2.73,,,
2.60,,,
2.85,,,
3.07,,,
3.29,,,
2.65,,,
2.95,,,
2.71,,,
3.00,,,
2.65,,,
2.68,,,
2.81,,,
3.06,,,
3.13,,,
2.46,,,
2.90,,,
3.03,,,
3.02,,,
2.85,,,
2.45,,,
2.40,,,
3.34,,,
2.89,,,
3.00,,,
2.86,,,
3.32,,,
3.03,,,
2.85,,,
3.22,,,
2.47,,,
2.97,,,
3.06,,,
3.09,,,
2.97,,,
2.74,,,
3.07,,,
2.75,,,
2.76,,,
2.55,,,
2.29,,,
2.61,,,
3.23,,,
3.24,,,
2.53,,,
2.50,,,
3.05,,,
2.98,,,
3.22,,,
3.02,,,
3.23,,,
3.11,,,
2.52,,,
2.29,,,
3.06,,,
2.47,,,
3.37,,,
3.04,,,
3.16,,,
2.84,,,
2.48,,,
2.64,,,
3.37,,,
3.37,,,
3.23,,,
3.19,,,
3.12,,,
2.59,,,
2.34,,,
3.12,,,
3.46,,,
2.80,,,
3.02,,,
3.10,,,
2.90,,,
3.14,,,
3.08,,,
3.30,,,
2.98,,,
3.14,,,
2.67,,,
3.12,,,
2.54,,,
2.67,,,
2.65,,,
2.83,,,
2.62,,,
2.67,,,
3.30,,,
2.67,,,
2.79,,,
2.48,,,
3.09,,,
2.46,,,
2.95,,,
2.80,,,
3.04,,,
2.46,,,
3.03,,,
3.11,,,
2.67,,,
2.73,,,
2.31,,,
2.69,,,
2.66,,,
2.85,,,
2.93,,,
2.99,,,
3.09,,,
2.61,,,
2.96,,,
3.03,,,
2.57,,,
3.04,,,
3.17,,,
2.74,,,
3.22,,,
2.90,,,
2.60,,,
2.18,,,
2.98,,,
2.56,,,
3.14,,,
3.28,,,
3.09,,,
3.27,,,
3.11,,,
2.80,,,
3.05,,,
2.62,,,
2.99,,,
2.37,,,
2.96,,,
2.88,,,
2.96,,,
2.58,,,
2.50,,,
3.24,,,
3.08,,,
3.38,,,
2.95,,,
2.36,,,
2.96,,,
3.16,,,
2.77,,,
3.22,,,
2.30,,,
2.59,,,
3.07,,,
2.83,,,
2.51,,,
3.01,,,
3.15,,,
2.97,,,
2.47,,,
3.27,,,
3.15,,,
3.14,,,
2.57,,,
3.12,,,
3.32,,,
3.05,,,
2.97,,,
2.65,,,
3.33,,,
3.21,,,
2.76,,,
3.02,,,
3.32,,,
3.21,,,
2.36,,,
2.74,,,
2.92,,,
3.21,,,
2.72,,,
3.21,,,
2.98,,,
2.47,,,
3.07,,,
2.78,,,
2.99,,,
2.95,,,
2.96,,,
2.99,,,
3.19,,,
2.71,,,
2.39,,,
2.69,,,
2.90,,,
2.59,,,
2.31,,,
2.97,,,
3.20,,,
2.90,,,
3.00,,,
2.45,,,
3.39,,,
2.81,,,
2.94,,,
2.84,,,
3.24,,,
3.02,,,
2.74,,,
3.34,,,
3.25,,,
3.14,,,
2.34,,,
3.15,,,
3.04,,,
3.06,,,
3.28,,,
3.01,,,
2.95,,,
3.02,,,
3.06,,,
2.55,,,
3.07,,,
3.21,,,
2.59,,,
2.58,,,
3.10,,,
2.79,,,
2.82,,,
3.06,,,
2.52,,,
2.60,,,
2.52,,,
2.94,,,
2.78,,,
2.82,,,
3.24,,,
2.83,,,
2.43,,,
2.76,,,
3.06,,,
3.09,,,
2.91,,,
2.95,,,
2.81,,,
2.54,,,
3.00,,,
2.23,,,
3.12,,,
3.11,,,
2.96,,,
2.96,,,
3.32,,,
2.58,,,
3.06,,,
2.61,,,
2.60,,,
2.76,,,
2.89,,,
2.43,,,
2.34,,,
3.19,,,
2.58,,,
2.80,,,
2.93,,,
2.71,,,
2.47,,,
3.18,,,
2.94,,,
2.97,,,
2.53,,,
2.56,,,
2.90,,,
2.68,,,
2.70,,,
3.06,,,
2.56,,,
2.51,,,
3.08,,,
3.07,,,
2.71,,,
3.06,,,
2.48,,,
3.04,,,
3.56,,,
2.91,,,
2.96,,,
3.32,,,
2.66,,,
3.07,,,
3.27,,,
2.97,,,
3.09,,,
3.02,,,
2.92,,,
2.47,,,
2.85,,,
3.20,,,
2.95,,,
2.49,,,
2.86,,,
2.89,,,
2.63,,,
3.13,,,
2.75,,,
2.42,,,
3.06,,,
2.69,,,
2.53,,,
3.00,,,
3.14,,,
3.18,,,
3.09,,,
2.98,,,
3.18,,,
2.78,,,
2.91,,,
3.00,,,
3.01,,,
2.76,,,
2.49,,,
2.93,,,
2.85,,,
3.24,,,
2.91,,,
2.77,,,
3.06,,,
2.64,,,
2.50,,,
2.77,,,
2.86,,,
3.11,,,
3.15,,,
2.95,,,
3.40,,,
2.62,,,
2.97,,,
2.99,,,
3.09,,,
2.53,,,
3.00,,,
3.41,,,
3.14,,,
3.09,,,
2.74,,,
3.11,,,
3.22,,,
2.63,,,
2.54,,,
2.89,,,
2.61,,,
2.71,,,
3.00,,,
2.91,,,
3.38,,,
2.45,,,
2.76,,,
3.26,,,
2.90,,,
2.76,,,
2.87,,,
3.03,,,
3.28,,,
2.86,,,
2.46,,,
2.31,,,
2.96,,,
3.16,,,
2.66,,,
2.65,,,
2.81,,,
2.75,,,
3.23,,,
2.50,,,
2.63,,,
2.69,,,
2.46,,,
2.58,,,
3.19,,,
2.41,,,
2.97,,,
2.92,,,
2.65,,,
3.09,,,
2.52,,,
2.44,,,
2.96,,,
2.92,,,
3.23,,,
3.38,,,
3.02,,,
3.19,,,
2.73,,,
2.73,,,
2.90,,,
2.68,,,
3.23,,,
3.08,,,
2.90,,,
2.65,,,
3.20,,,
2.54,,,
2.82,,,
2.96,,,
3.34,,,
2.79,,,
3.00,,,
3.00,,,
2.49,,,
2.84,,,
2.46,,,
3.20,,,
3.31,,,
2.70,,,
2.57,,,
3.18,,,
3.07,,,
3.21,,,
3.08,,,
3.15,,,
3.14,,,
2.55,,,
2.63,,,
3.05,,,
3.10,,,
2.55,,,
2.56,,,
3.20,,,
2.60,,,
2.70,,,
3.05,,,
2.49,,,
2.45,,,
2.97,,,
2.68,,,
3.28,,,
2.45,,,
2.59,,,
2.69,,,
2.93,,,
3.16,,,
3.05,,,
2.61,,,
2.68,,,
2.67,,,
2.88,,,
3.15,,,
3.18,,,
3.08,,,
2.70,,,
3.34,,,
2.87,,,
2.74,,,
2.93,,,
3.05,,,
2.55,,,
3.09,,,
2.97,,,
3.06,,,
2.37,,,
3.10,,,
2.96,,,
2.92,,,
3.28,,,
2.52,,,
3.19,,,
2.78,,,
2.91,,,
3.18,,,
3.46,,,
2.87,,,
2.79,,,
2.25,,,
2.79,,,
2.84,,,
3.06,,,
2.94,,,
3.03,,,
2.73,,,
2.69,,,
2.90,,,
3.05,,,
2.87,,,
2.46,,,
3.20,,,
3.13,,,
2.86,,,
2.88,,,
3.14,,,
2.40,,,
2.73,,,
3.05,,,
3.02,,,
2.56,,,
3.43,,,
2.79,,,
2.78,,,
2.93,,,
3.22,,,
3.00,,,
2.89,,,
2.99,,,
3.00,,,
2.70,,,
2.78,,,
2.53,,,
2.54,,,
2.74,,,
2.57,,,
2.85,,,
2.41,,,
3.02,,,
3.14,,,
3.09,,,
3.37,,,
2.62,,,
2.63,,,
2.46,,,
2.95,,,
3.15,,,
3.07,,,
2.93,,,
3.22,,,
2.78,,,
3.25,,,
2.96,,,
2.35,,,
2.61,,,
2.76,,,
3.15,,,
3.02,,,
2.81,,,
2.89,,,
2.72,,,
2.74,,,
2.54,,,
2.81,,,
3.23,,,
2.44,,,
2.95,,,
3.04,,,
3.08,,,
2.74,,,
2.94,,,
2.57,,,
3.12,,,
3.18,,,
3.11,,,
2.96,,,
2.55,,,
2.92,,,
2.62,,,
2.51,,,
3.21,,,
2.62,,,
3.36,,,
2.49,,,
2.82,,,
3.16,,,
3.13,,,
3.06,,,
3.13,,,
2.83,,,
2.92,,,
2.72,,,
2.79,,,
2.97,,,
2.70,,,
3.10,,,
3.01,,,
3.09,,,
3.02,,,
3.10,,,
2.83,,,
2.95,,,
3.10,,,
2.76,,,
2.56,,,
3.08,,,
2.59,,,
2.59,,,
2.46,,,
3.21,,,
2.86,,,
3.04,,,
2.91,,,
3.10,,,
2.89,,,
3.28,,,
2.55,,,
3.36,,,
2.89,,,
2.46,,,
2.77,,,
2.47,,,
2.97,,,
3.18,,,
2.86,,,
2.71,,,
3.35,,,
2.81,,,
2.80,,,
3.24,,,
2.90,,,
2.89,,,
2.65,,,
3.05,,,
3.26,,,
3.06,,,
3.37,,,
2.57,,,
2.96,,,
2.78,,,
2.78,,,
3.01,,,
2.57,,,
3.06,,,
3.07,,,
3.10,,,
2.55,,,
3.14,,,
3.03,,,
3.39,,,
2.87,,,
3.46,,,
3.29,,,
2.87,,,
2.66,,,
2.75,,,
2.97,,,
2.47,,,
2.57,,,
2.79,,,
3.03,,,
2.99,,,
3.08,,,
2.55,,,
3.00,,,
3.17,,,
3.32,,,
2.59,,,
3.04,,,
2.69,,,
2.63,,,
3.26,,,
2.65,,,
2.71,,,
2.89,,,
2.63,,,
3.17,,,
2.62,,,
3.04,,,
2.39,,,
3.24,,,
3.64,,,
2.70,,,
2.95,,,
2.33,,,
2.43,,,
3.11,,,
3.00,,,
3.17,,,
2.82,,,
2.73,,,
3.16,,,
2.71,,,
2.98,,,
2.63,,,
2.79,,,
2.53,,,
3.14,,,
2.46,,,
2.34,,,
2.37,,,
2.82,,,
3.02,,,
2.88,,,
2.60,,,
3.14,,,
2.66,,,
3.10,,,
2.89,,,
3.06,,,
3.12,,,
2.90,,,
2.88,,,
2.73,,,
2.83,,,
3.16,,,
2.97,,,
2.59,,,
3.23,,,
3.21,,,
3.13,,,
2.65,,,
2.94,,,
2.56,,,
3.02,,,
3.05,,,
2.61,,,
3.05,,,
2.91,,,
3.00,,,
3.01,,,
2.86,,,
3.22,,,
3.15,,,
2.76,,,
2.86,,,
2.90,,,
3.17,,,
2.35,,,
3.20,,,
2.64,,,
3.20,,,
2.34,,,
2.87,,,
3.02,,,
3.00,,,
2.81,,,
2.43,,,
2.49,,,
2.99,,,
2.71,,,
2.72,,,
2.70,,,
3.04,,,
3.11,,,
3.26,,,
2.77,,,
3.03,,,
3.12,,,
2.59,,,
2.85,,,
3.38,,,
2.59,,,
2.69,,,
2.82,,,
2.98,,,
2.62,,,
3.24,,,
2.82,,,
3.03,,,
2.87,,,
2.34,,,
3.27,,,
3.10,,,
2.98,,,
2.86,,,
2.95,,,
2.40,,,
2.52,,,
3.04,,,
2.64,,,
3.36,,,
2.90,,,
3.08,,,
2.69,,,
3.01,,,
2.50,,,
3.01,,,
2.98,,,
3.16,,,
3.01,,,
2.96,,,
2.41,,,
2.79,,,
2.91,,,
3.19,,,
2.72,,,
3.08,,,
3.04,,,
3.08,,,
2.87,,,
2.65,,,
2.79,,,
2.59,,,
2.50,,,
2.74,,,
2.82,,,
3.07,,,
3.17,,,
2.93,,,
2.77,,,
2.90,,,
3.03,,,
2.52,,,
3.02,,,
2.98,,,
2.88,,,
2.91,,,
2.65,,,
2.38,,,
3.32,,,
2.57,,,
3.18,,,
3.47,,,
3.05,,,
2.99,,,
3.00,,,
2.95,,,
3.15,,,
3.16,,,
2.82,,,
3.13,,,
2.87,,,
3.34,,,
2.95,,,
2.47,,,
3.04,,,
3.05,,,
3.34,,,
2.50,,,
2.58,,,
2.73,,,
2.56,,,
2.60,,,
2.62,,,
3.21,,,
3.09,,,
2.83,,,
2.85,,,
3.24,,,
3.00,,,
2.70,,,
3.00,,,
2.93,,,
2.47,,,
2.61,,,
3.22,,,
3.17,,,
2.88,,,
2.93,,,
3.24,,,
3.07,,,
2.85,,,
2.98,,,
3.11,,,
2.99,,,
2.37,,,
3.32,,,
2.68,,,
2.38,,,
3.10,,,
2.80,,,
3.02,,,
2.35,,,
3.12,,,
3.08,,,
2.95,,,
2.77,,,
3.01,,,
2.98,,,
3.16,,,
2.98,,,
3.02,,,
3.05,,,
2.97,,,
3.16,,,
3.05,,,
3.15,,,
2.28,,,
3.01,,,
2.59,,,
3.29,,,
2.71,,,
2.65,,,
2.33,,,
2.76,,,
3.34,,,
2.51,,,
3.07,,,
2.93,,,
3.06,,,
3.22,,,
2.93,,,
2.31,,,
2.99,,,
2.75,,,
3.07,,,
2.90,,,
2.88,,,
3.17,,,
2.43,,,
3.05,,,
3.26,,,
3.24,,,
3.04,,,
3.04,,,
2.63,,,
2.33,,,
3.32,,,
3.14,,,
2.97,,,
3.01,,,
2.69,,,
2.49,,,
3.10,,,
3.18,,,
3.16,,,
3.22,,,
2.47,,,
3.19,,,
2.59,,,
2.78,,,
2.81,,,
3.35,,,
2.81,,,
3.27,,,
3.19,,,
3.09,,,
3.26,,,
2.49,,,
3.23,,,
3.00,,,
3.07,,,
3.17,,,
2.81,,,
2.98,,,
2.75,,,
2.72,,,
3.06,,,
2.60,,,
3.11,,,
3.20,,,
2.97,,,
2.96,,,
3.12,,,
2.43,,,
3.15,,,
2.80,,,
3.00,,,
2.66,,,
3.16,,,
2.96,,,
2.72,,,
2.96,,,
2.90,,,
3.11,,,
3.14,,,
3.22,,,
2.62,,,
2.59,,,
3.05,,,
2.72,,,
3.22,,,
3.07,,,
3.30,,,
3.01,,,
3.12,,,
2.99,,,
2.93,,,
2.86,,,
3.18,,,
3.25,,,
2.98,,,
3.41,,,
2.97,,,
3.22,,,
2.82,,,
3.05,,,
2.91,,,
2.49,,,
2.75,,,
2.95,,,
3.01,,,
2.84,,,
3.18,,,
3.14,,,
3.03,,,
2.92,,,
2.98,,,
2.86,,,
2.85,,,
2.99,,,
2.72,,,
2.94,,,
3.05,,,
3.04,,,
3.11,,,
2.54,,,
3.04,,,
3.06,,,
3.65,,,
3.04,,,
2.70,,,
2.63,,,
3.15,,,
2.61,,,
3.19,,,
3.21,,,
3.13,,,
2.88,,,
3.14,,,
2.82,,,
3.37,,,
2.51,,,
2.75,,,
3.03,,,
2.47,,,
2.89,,,
3.20,,,
2.69,,,
3.04,,,
2.90,,,
2.45,,,
3.09,,,
2.98,,,
3.03,,,
3.31,,,
3.13,,,
3.21,,,
3.26,,,
3.16,,,
2.32,,,
2.76,,,
3.29,,,
3.17,,,
3.27,,,
2.69,,,
3.15,,,
2.63,,,
3.30,,,
2.99,,,
3.04,,,
2.92,,,
2.52,,,
2.68,,,
2.77,,,
3.16,,,
3.09,,,
3.05,,,
3.24,,,
2.86,,,
2.72,,,
2.96,,,
2.36,,,
2.64,,,
2.97,,,
2.81,,,
3.09,,,
3.25,,,
3.04,,,
3.33,,,
2.57,,,
2.28,,,
2.91,,,
2.62,,,
2.82,,,
2.81,,,
3.10,,,
2.32,,,
3.18,,,
2.83,,,
3.27,,,
3.26,,,
3.12,,,
2.57,,,
2.89,,,
3.00,,,
2.83,,,
2.95,,,
2.96,,,
2.99,,,
3.01,,,
2.65,,,
2.99,,,
3.14,,,
3.06,,,
3.13,,,
3.00,,,
2.83,,,
2.55,,,
2.89,,,
3.14,,,
3.21,,,
3.29,,,
3.09,,,
2.77,,,
3.29,,,
2.78,,,
2.88,,,
3.13,,,
2.88,,,
3.16,,,
3.13,,,
3.17,,,
2.98,,,
3.06,,,
3.08,,,
3.14,,,
2.96,,,
2.97,,,
3.17,,,
2.85,,,
3.15,,,
3.17,,,
2.84,,,
3.13,,,
2.85,,,
3.36,,,
2.98,,,
3.02,,,
2.92,,,
3.06,,,
3.02,,,
3.48,,,
2.60,,,
2.91,,,
2.48,,,
2.88,,,
3.08,,,
3.00,,,
3.00,,,
2.60,,,
3.11,,,
2.96,,,
2.70,,,
2.76,,,
3.15,,,
2.96,,,
3.18,,,
2.52,,,
2.73,,,
2.55,,,
2.67,,,
2.47,,,
2.99,,,
3.01,,,
2.78,,,
3.02,,,
2.91,,,
3.02,,,
3.18,,,
3.16,,,
2.81,,,
3.08,,,
2.50,,,
2.45,,,
3.43,,,
2.46,,,
3.06,,,
2.38,,,
3.06,,,
2.64,,,
3.28,,,
3.00,,,
3.02,,,
3.03,,,
2.97,,,
2.75,,,
3.00,,,
2.96,,,
3.07,,,
2.88,,,
2.80,,,
2.96,,,
2.82,,,
2.99,,,
2.50,,,
2.67,,,
3.09,,,
3.34,,,
2.64,,,
3.06,,,
3.30,,,
2.34,,,
2.71,,,
3.16,,,
3.12,,,
3.11,,,
2.52,,,
2.97,,,
3.28,,,
2.60,,,
2.82,,,
2.54,,,
2.94,,,
3.35,,,
2.98,,,
2.56,,,
3.19,,,
2.72,,,
2.46,,,
3.27,,,
2.88,,,
3.13,,,
2.74,,,
2.94,,,
3.12,,,
2.67,,,
3.14,,,
2.88,,,
3.36,,,
3.22,,,
3.12,,,
3.15,,,
3.01,,,
3.36,,,
2.48,,,
2.94,,,
3.31,,,
2.72,,,
2.91,,,
2.97,,,
3.24,,,
3.08,,,
3.07,,,
3.08,,,
3.19,,,
3.05,,,
2.76,,,
3.29,,,
2.41,,,
3.02,,,
2.47,,,
3.27,,,
2.94,,,
2.88,,,
2.72,,,
3.03,,,
3.29,,,
2.92,,,
3.08,,,
2.94,,,
2.78,,,
2.54,,,
3.21,,,
2.59,,,
2.81,,,
2.99,,,
2.53,,,
2.36,,,
3.11,,,
2.62,,,
2.60,,,
2.67,,,
3.14,,,
2.50,,,
3.06,,,
2.20,,,
3.06,,,
3.11,,,
3.09,,,
2.85,,,
2.50,,,
2.94,,,
3.17,,,
3.19,,,
3.24,,,
3.08,,,
2.50,,,
3.06,,,
2.56,,,
2.62,,,
2.77,,,
2.99,,,
3.02,,,
3.05,,,
2.72,,,
3.11,,,
3.03,,,
3.13,,,
2.55,,,
2.72,,,
2.70,,,
2.89,,,
2.90,,,
2.48,,,
2.75,,,
2.43,,,
2.58,,,
2.28,,,
2.82,,,
2.97,,,
3.16,,,
3.35,,,
2.66,,,
2.73,,,
2.73,,,
2.67,,,
2.52,,,
2.58,,,
2.40,,,
3.09,,,
2.82,,,
3.03,,,
2.89,,,
2.73,,,
2.92,,,
3.24,,,
2.85,,,
3.25,,,
3.21,,,
2.53,,,
3.11,,,
2.80,,,
2.47,,,
3.16,,,
2.99,,,
2.66,,,
2.84,,,
2.88,,,
2.90,,,
3.03,,,
2.53,,,
3.01,,,
2.98,,,
3.20,,,
3.12,,,
2.83,,,
2.91,,,
3.30,,,
2.51,,,
2.92,,,
2.47,,,
3.05,,,
3.08,,,
3.21,,,
3.03,,,
2.91,,,
2.52,,,
3.02,,,
3.20,,,
2.47,,,
2.90,,,
3.00,,,
3.26,,,
3.45,,,
2.93,,,
3.18,,,
2.89,,,
2.45,,,
3.25,,,
2.97,,,
2.93,,,
3.14,,,
2.67,,,
3.31,,,
2.43,,,
2.52,,,
3.08,,,
2.63,,,
2.68,,,
3.02,,,
2.46,,,
2.85,,,
2.99,,,
2.58,,,
2.73,,,
3.11,,,
2.51,,,
2.96,,,
2.99,,,
3.02,,,
2.57,,,
2.68,,,
2.56,,,
2.88,,,
3.08,,,
3.00,,,
2.94,,,
3.24,,,
3.30,,,
2.49,,,
3.00,,,
3.16,,,
2.85,,,
3.17,,,
2.84,,,
3.18,,,
2.75,,,
2.32,,,
2.59,,,
2.84,,,
3.27,,,
3.08,,,
2.99,,,
3.09,,,
3.20,,,
2.39,,,
3.22,,,
3.22,,,
3.25,,,
2.53,,,
2.78,,,
2.98,,,
2.95,,,
3.15,,,
2.59,,,
3.09,,,
2.44,,,
2.68,,,
2.93,,,
2.99,,,
3.18,,,
2.86,,,
2.65,,,
2.92,,,
3.01,,,
3.26,,,
2.49,,,
3.28,,,
3.18,,,
2.95,,,
3.06,,,
3.15,,,
2.26,,,
2.53,,,
3.03,,,
2.71,,,
2.70,,,
3.35,,,
3.35,,,
2.79,,,
2.61,,,
2.56,,,
3.05,,,
2.96,,,
2.37,,,
2.75,,,
3.15,,,
2.54,,,
2.56,,,
3.02,,,
3.02,,,
3.24,,,
2.94,,,
2.41,,,
3.17,,,
3.02,,,
2.64,,,
3.20,,,
3.24,,,
3.27,,,
3.09,,,
2.76,,,
3.30,,,
3.02,,,
2.73,,,
2.60,,,
3.12,,,
2.42,,,
2.88,,,
2.68,,,
3.31,,,
2.79,,,
3.06,,,
2.59,,,
2.99,,,
2.78,,,
2.72,,,
3.22,,,
3.14,,,
2.64,,,
3.12,,,
2.91,,,
2.81,,,
3.17,,,
2.36,,,
2.46,,,
3.08,,,
3.28,,,
2.96,,,
2.98,,,
2.29,,,
2.95,,,
2.75,,,
2.81,,,
2.39,,,
2.90,,,
3.57,,,
2.66,,,
3.26,,,
2.98,,,
2.83,,,
3.25,,,
2.82,,,
3.09,,,
3.20,,,
3.10,,,
2.66,,,
3.07,,,
2.98,,,
2.92,,,
3.12,,,
2.66,,,
2.83,,,